DROP DATABASE IF EXISTS subleva;
CREATE DATABASE IF NOT EXISTS subleva;

USE subleva;

CREATE TABLE IF NOT EXISTS users
(
    name     VARCHAR(255) NOT NULL,
    dob      DATETIME,
    userType VARCHAR(255),
    id       INT,
    PRIMARY KEY (id)
);

CREATE TABLE IF NOT EXISTS countries
(
    name     VARCHAR(255) UNIQUE  NOT NULL,
    location DECIMAL(7, 5) UNIQUE NOT NULL,
    id       INT,
    PRIMARY KEY (id)
);

CREATE TABLE IF NOT EXISTS countryStats (
    countryID INT,
    year INT,
    numApplications INT,
    numRejected INT,
    numGranted INT,
    numOther INT,
    numClosed INT,
    population INT,
    PRIMARY KEY (year, countryID),
    FOREIGN KEY (countryID) REFERENCES countries(id)
);

CREATE TABLE IF NOT EXISTS volunteers
(
    name            VARCHAR(255) NOT NULL,
    languagesSpoken VARCHAR(255),
    supervisorID    INT,
    id              INT,
    PRIMARY KEY (id),
    FOREIGN KEY (supervisorID) REFERENCES users (id)
);

CREATE TABLE IF NOT EXISTS appointments
(
    migrantID     INT NOT NULL,
    volunteerID   INT NOT NULL,
    date          DATETIME,
    appointmentID INT NOT NULL,
    PRIMARY KEY (appointmentID),
    foreign key (migrantID) REFERENCES users (id),
    foreign key (volunteerID) REFERENCES volunteers (id)
);

CREATE TABLE IF NOT EXISTS posts
(
    postID      INT,
    postContent VARCHAR(1500),
    createdAt   DATETIME,
    displayName VARCHAR(70),
    migrantID   INT NOT NULL,
    PRIMARY KEY (postID),
    FOREIGN KEY (migrantID) REFERENCES users (id)
);

CREATE TABLE IF NOT EXISTS communityEvent
(
    date          DATETIME,
    eventID       INT,
    name          VARCHAR(255),
    duration      INT,
    venueCapacity INT,
    PRIMARY KEY (eventID)
);

CREATE TABLE IF NOT EXISTS attendeeEvents
(
    attendeeID INT,
    eventID    INT,
    primary key (attendeeID, eventID),
    FOREIGN KEY (attendeeID) REFERENCES users(id),
    FOREIGN KEY (eventID) REFERENCES communityEvent(eventID)
);

CREATE TABLE IF NOT EXISTS dependents(
    dependeeID INT,
    name VARCHAR(80),
    age INT,
    gender VARCHAR(2),
    relationship VARCHAR(30),
    PRIMARY KEY (dependeeID,name),
    FOREIGN KEY (dependeeID) REFERENCES users(id)
    );

CREATE TABLE IF NOT EXISTS refugeeCohort(
    cohortID INT,
    year INT,
    asylumCountryID INT,
    originCountryID INT,
    PRIMARY KEY  (cohortID),
    FOREIGN KEY (asylumCountryID) REFERENCES countries(id),
    FOREIGN KEY (originCountryID) REFERENCES countries(id)
);


INSERT INTO users (id, name, userType, dob) VALUES ('1', 'Harlan', 'a pede', '1999-08-19');
INSERT INTO users (id, name, userType, dob) VALUES ('2', 'Nessi', 'justo nec condimentum neque', '1958-01-10');
INSERT INTO users (id, name, userType, dob) VALUES ('3', 'Daren', 'interdum mauris ullamcorper', '1956-04-18');
INSERT INTO users (id, name, userType, dob) VALUES ('4', 'Rosetta', 'ac est lacinia', '1982-03-21');
INSERT INTO users (id, name, userType, dob) VALUES ('5', 'Margarita', 'semper est', '1971-10-01');
INSERT INTO users (id, name, userType, dob) VALUES ('6', 'Bree', 'arcu sed', '2004-09-07');
INSERT INTO users (id, name, userType, dob) VALUES ('7', 'Meggy', 'ultrices posuere cubilia', '2001-03-15');
INSERT INTO users (id, name, userType, dob) VALUES ('8', 'Jolene', 'pulvinar', '1940-03-05');
INSERT INTO users (id, name, userType, dob) VALUES ('9', 'Jolee', 'ante nulla justo', '1954-03-03');
INSERT INTO users (id, name, userType, dob) VALUES ('10', 'Rees', 'orci', '2004-12-02');
INSERT INTO users (id, name, userType, dob) VALUES ('11', 'Kenon', 'aliquam sit amet diam', '1990-03-13');
INSERT INTO users (id, name, userType, dob) VALUES ('12', 'Richy', 'commodo vulputate', '1976-11-27');
INSERT INTO users (id, name, userType, dob) VALUES ('13', 'Aleksandr', 'elementum eu interdum', '1949-12-19');
INSERT INTO users (id, name, userType, dob) VALUES ('14', 'Hasty', 'mus etiam vel', '1969-03-20');
INSERT INTO users (id, name, userType, dob) VALUES ('15', 'Justin', 'dui vel', '2002-06-03');
INSERT INTO users (id, name, userType, dob) VALUES ('16', 'Kelley', 'cursus id', '2002-07-01');
INSERT INTO users (id, name, userType, dob) VALUES ('17', 'Nicolas', 'hendrerit at vulputate', '1979-03-30');
INSERT INTO users (id, name, userType, dob) VALUES ('18', 'Nikola', 'interdum in ante vestibulum', '1984-01-05');
INSERT INTO users (id, name, userType, dob) VALUES ('19', 'Vail', 'rutrum neque', '1991-04-08');
INSERT INTO users (id, name, userType, dob) VALUES ('20', 'Melony', 'nunc donec', '1948-09-12');
INSERT INTO users (id, name, userType, dob) VALUES ('21', 'Kit', 'vulputate ut', '1996-09-16');
INSERT INTO users (id, name, userType, dob) VALUES ('22', 'Ezri', 'aliquet massa id lobortis', '1974-01-05');
INSERT INTO users (id, name, userType, dob) VALUES ('23', 'Alvinia', 'proin interdum mauris', '1937-12-25');
INSERT INTO users (id, name, userType, dob) VALUES ('24', 'Chris', 'in', '1974-09-15');
INSERT INTO users (id, name, userType, dob) VALUES ('25', 'Rosette', 'habitasse', '1954-07-19');
INSERT INTO users (id, name, userType, dob) VALUES ('26', 'Rodolph', 'sit amet', '2002-03-28');
INSERT INTO users (id, name, userType, dob) VALUES ('27', 'Turner', 'quam pharetra', '1936-08-03');
INSERT INTO users (id, name, userType, dob) VALUES ('28', 'Bruno', 'tristique fusce congue diam', '1942-09-11');
INSERT INTO users (id, name, userType, dob) VALUES ('29', 'Kattie', 'fusce congue', '1995-10-26');
INSERT INTO users (id, name, userType, dob) VALUES ('30', 'Adda', 'mattis pulvinar nulla pede', '1974-01-02');
INSERT INTO users (id, name, userType, dob) VALUES ('31', 'Julia', 'phasellus sit amet erat', '1961-09-08');
INSERT INTO users (id, name, userType, dob) VALUES ('32', 'Kristine', 'faucibus', '1950-07-24');
INSERT INTO users (id, name, userType, dob) VALUES ('33', 'Sly', 'cubilia curae donec', '1963-07-05');
INSERT INTO users (id, name, userType, dob) VALUES ('34', 'Aliza', 'aenean lectus pellentesque', '2002-05-27');
INSERT INTO users (id, name, userType, dob) VALUES ('35', 'Craggie', 'in lacus', '1950-01-21');
INSERT INTO users (id, name, userType, dob) VALUES ('36', 'Nancey', 'odio consequat varius integer', '1962-05-29');
INSERT INTO users (id, name, userType, dob) VALUES ('37', 'Halsy', 'ipsum integer', '1971-02-16');
INSERT INTO users (id, name, userType, dob) VALUES ('38', 'Con', 'interdum venenatis', '1937-11-09');
INSERT INTO users (id, name, userType, dob) VALUES ('39', 'Blake', 'mi sit amet', '1958-04-06');
INSERT INTO users (id, name, userType, dob) VALUES ('40', 'Jareb', 'nisl duis', '2005-01-13');
INSERT INTO users (id, name, userType, dob) VALUES ('41', 'Lou', 'curabitur in', '1966-10-20');
INSERT INTO users (id, name, userType, dob) VALUES ('42', 'Kalinda', 'urna ut tellus', '1997-11-07');
INSERT INTO users (id, name, userType, dob) VALUES ('43', 'Carolyn', 'duis bibendum morbi', '1983-02-20');
INSERT INTO users (id, name, userType, dob) VALUES ('44', 'Brock', 'convallis tortor', '1982-02-16');
INSERT INTO users (id, name, userType, dob) VALUES ('45', 'Patrice', 'aenean auctor gravida', '2002-07-21');
INSERT INTO users (id, name, userType, dob) VALUES ('46', 'Romona', 'ut mauris', '1980-11-18');
INSERT INTO users (id, name, userType, dob) VALUES ('47', 'Phillipp', 'posuere cubilia curae', '1964-05-27');
INSERT INTO users (id, name, userType, dob) VALUES ('48', 'Hasty', 'auctor sed tristique', '1962-05-16');
INSERT INTO users (id, name, userType, dob) VALUES ('49', 'Vonny', 'tellus nulla', '1976-09-11');
INSERT INTO users (id, name, userType, dob) VALUES ('50', 'Egbert', 'quis turpis sed', '1987-01-26');

INSERT INTO volunteers (id, supervisorID, name, languagesSpoken) VALUES ('1', '8', 'Merry Alvarado', 'eget massa tempor convallis');
INSERT INTO volunteers (id, supervisorID, name, languagesSpoken) VALUES ('2', '28', 'Trip Abrahim', 'mauris viverra diam');
INSERT INTO volunteers (id, supervisorID, name, languagesSpoken) VALUES ('3', '27', 'Collie Calloway', 'rhoncus aliquam lacus');
INSERT INTO volunteers (id, supervisorID, name, languagesSpoken) VALUES ('4', '49', 'Chip de Bullion', 'dapibus dolor vel est');
INSERT INTO volunteers (id, supervisorID, name, languagesSpoken) VALUES ('5', '29', 'Sonnie Shoosmith', 'sodales scelerisque');
INSERT INTO volunteers (id, supervisorID, name, languagesSpoken) VALUES ('6', '39', 'Marybelle Lowndesbrough', 'nam dui proin');
INSERT INTO volunteers (id, supervisorID, name, languagesSpoken) VALUES ('7', '20', 'Rhody Fairfoul', 'luctus');
INSERT INTO volunteers (id, supervisorID, name, languagesSpoken) VALUES ('8', '14', 'Valma Dacke', 'eget massa tempor');
INSERT INTO volunteers (id, supervisorID, name, languagesSpoken) VALUES ('9', '42', 'Ode Bennike', 'montes nascetur ridiculus mus');
INSERT INTO volunteers (id, supervisorID, name, languagesSpoken) VALUES ('10', '43', 'Hamnet Tonsley', 'aliquam quis turpis eget');
INSERT INTO volunteers (id, supervisorID, name, languagesSpoken) VALUES ('11', '25', 'Carmita Ceeley', 'convallis nulla neque');
INSERT INTO volunteers (id, supervisorID, name, languagesSpoken) VALUES ('12', '24', 'Jori Butcher', 'sapien sapien non');
INSERT INTO volunteers (id, supervisorID, name, languagesSpoken) VALUES ('13', '10', 'Juana Kiebes', 'donec dapibus duis');
INSERT INTO volunteers (id, supervisorID, name, languagesSpoken) VALUES ('14', '33', 'Anthea Pieters', 'nulla');
INSERT INTO volunteers (id, supervisorID, name, languagesSpoken) VALUES ('15', '38', 'Brigid Gipson', 'felis fusce');
INSERT INTO volunteers (id, supervisorID, name, languagesSpoken) VALUES ('16', '11', 'Julius Bentall', 'eget massa tempor');
INSERT INTO volunteers (id, supervisorID, name, languagesSpoken) VALUES ('17', '6', 'Elissa Solway', 'morbi non lectus aliquam');
INSERT INTO volunteers (id, supervisorID, name, languagesSpoken) VALUES ('18', '35', 'Tomas Abrahim', 'primis in');
INSERT INTO volunteers (id, supervisorID, name, languagesSpoken) VALUES ('19', '15', 'Jeramie Beningfield', 'ac enim in');
INSERT INTO volunteers (id, supervisorID, name, languagesSpoken) VALUES ('20', '41', 'Rock Bellworthy', 'primis');
INSERT INTO volunteers (id, supervisorID, name, languagesSpoken) VALUES ('21', '19', 'Nessi Mattingly', 'congue diam id ornare');
INSERT INTO volunteers (id, supervisorID, name, languagesSpoken) VALUES ('22', '12', 'Florenza Hampe', 'ante');
INSERT INTO volunteers (id, supervisorID, name, languagesSpoken) VALUES ('23', '37', 'Ken Oliveira', 'natoque penatibus');
INSERT INTO volunteers (id, supervisorID, name, languagesSpoken) VALUES ('24', '5', 'Adara Matousek', 'nunc proin at turpis');
INSERT INTO volunteers (id, supervisorID, name, languagesSpoken) VALUES ('25', '46', 'Selena Bloore', 'sed');
INSERT INTO volunteers (id, supervisorID, name, languagesSpoken) VALUES ('26', '9', 'Eunice MacNeilly', 'erat');
INSERT INTO volunteers (id, supervisorID, name, languagesSpoken) VALUES ('27', '23', 'Lesley Pettecrew', 'id sapien in');
INSERT INTO volunteers (id, supervisorID, name, languagesSpoken) VALUES ('28', '45', 'Antin Smylie', 'justo etiam pretium');
INSERT INTO volunteers (id, supervisorID, name, languagesSpoken) VALUES ('29', '34', 'Lurleen Willshere', 'leo rhoncus sed');
INSERT INTO volunteers (id, supervisorID, name, languagesSpoken) VALUES ('30', '26', 'Wittie Filewood', 'integer');
INSERT INTO volunteers (id, supervisorID, name, languagesSpoken) VALUES ('31', '36', 'Gizela Gauntley', 'orci luctus et');
INSERT INTO volunteers (id, supervisorID, name, languagesSpoken) VALUES ('32', '37', 'Gabbi Adie', 'cras pellentesque volutpat');
INSERT INTO volunteers (id, supervisorID, name, languagesSpoken) VALUES ('33', '15', 'Gunar Pellett', 'platea');
INSERT INTO volunteers (id, supervisorID, name, languagesSpoken) VALUES ('34', '48', 'Clywd Knowlys', 'sit amet');
INSERT INTO volunteers (id, supervisorID, name, languagesSpoken) VALUES ('35', '42', 'Aylmer Ruoff', 'platea dictumst maecenas ut');
INSERT INTO volunteers (id, supervisorID, name, languagesSpoken) VALUES ('36', '34', 'Franny Buckthorpe', 'metus');
INSERT INTO volunteers (id, supervisorID, name, languagesSpoken) VALUES ('37', '17', 'Max Walasik', 'amet justo');
INSERT INTO volunteers (id, supervisorID, name, languagesSpoken) VALUES ('38', '30', 'Quincey Dimock', 'varius nulla');
INSERT INTO volunteers (id, supervisorID, name, languagesSpoken) VALUES ('39', '43', 'Dari Henrionot', 'elementum ligula');
INSERT INTO volunteers (id, supervisorID, name, languagesSpoken) VALUES ('40', '45', 'Josi Trengove', 'semper');
INSERT INTO volunteers (id, supervisorID, name, languagesSpoken) VALUES ('41', '21', 'Khalil Cleyne', 'mattis');
INSERT INTO volunteers (id, supervisorID, name, languagesSpoken) VALUES ('42', '32', 'Brigitte Nern', 'eros elementum pellentesque');
INSERT INTO volunteers (id, supervisorID, name, languagesSpoken) VALUES ('43', '28', 'Caril Georgi', 'suspendisse potenti cras');
INSERT INTO volunteers (id, supervisorID, name, languagesSpoken) VALUES ('44', '18', 'Ruben Janks', 'dolor sit amet consectetuer');
INSERT INTO volunteers (id, supervisorID, name, languagesSpoken) VALUES ('45', '6', 'Yolane Kilfedder', 'quam suspendisse');
INSERT INTO volunteers (id, supervisorID, name, languagesSpoken) VALUES ('46', '23', 'Nolan Kneale', 'nisl nunc nisl duis');
INSERT INTO volunteers (id, supervisorID, name, languagesSpoken) VALUES ('47', '20', 'Imelda Whittlesee', 'nunc donec quis orci');
INSERT INTO volunteers (id, supervisorID, name, languagesSpoken) VALUES ('48', '7', 'Emlynn Ibbs', 'est');
INSERT INTO volunteers (id, supervisorID, name, languagesSpoken) VALUES ('49', '33', 'Karilynn Yorath', 'magna bibendum imperdiet nullam');
INSERT INTO volunteers (id, supervisorID, name, languagesSpoken) VALUES ('50', '19', 'Ardella Antcliff', 'lacinia eget tincidunt eget');
INSERT INTO volunteers (id, supervisorID, name, languagesSpoken) VALUES ('51', '50', 'Lianna Stairs', 'velit id pretium iaculis');
INSERT INTO volunteers (id, supervisorID, name, languagesSpoken) VALUES ('52', '29', 'Murvyn Spadari', 'in blandit ultrices enim');
INSERT INTO volunteers (id, supervisorID, name, languagesSpoken) VALUES ('53', '3', 'Shelton Redferne', 'amet eleifend');
INSERT INTO volunteers (id, supervisorID, name, languagesSpoken) VALUES ('54', '4', 'Hanna Desborough', 'pede ullamcorper');
INSERT INTO volunteers (id, supervisorID, name, languagesSpoken) VALUES ('55', '44', 'Benjamen Wynrehame', 'pellentesque ultrices');
INSERT INTO volunteers (id, supervisorID, name, languagesSpoken) VALUES ('56', '26', 'Sharla De Andreis', 'sapien placerat ante nulla');
INSERT INTO volunteers (id, supervisorID, name, languagesSpoken) VALUES ('57', '9', 'Giorgio Bilyard', 'commodo vulputate justo in');
INSERT INTO volunteers (id, supervisorID, name, languagesSpoken) VALUES ('58', '40', 'Chuck Kinny', 'nulla');
INSERT INTO volunteers (id, supervisorID, name, languagesSpoken) VALUES ('59', '5', 'Chadwick Whiteoak', 'duis');
INSERT INTO volunteers (id, supervisorID, name, languagesSpoken) VALUES ('60', '35', 'Derron Haps', 'est congue');
INSERT INTO volunteers (id, supervisorID, name, languagesSpoken) VALUES ('61', '24', 'Shelden Ivashev', 'vel pede');
INSERT INTO volunteers (id, supervisorID, name, languagesSpoken) VALUES ('62', '36', 'Seward Zarfat', 'nulla elit ac');
INSERT INTO volunteers (id, supervisorID, name, languagesSpoken) VALUES ('63', '41', 'Marleah Blasi', 'at turpis donec posuere');
INSERT INTO volunteers (id, supervisorID, name, languagesSpoken) VALUES ('64', '45', 'Carin Treadway', 'leo odio porttitor id');
INSERT INTO volunteers (id, supervisorID, name, languagesSpoken) VALUES ('65', '6', 'Leopold Bartell', 'porttitor lorem id ligula');
INSERT INTO volunteers (id, supervisorID, name, languagesSpoken) VALUES ('66', '21', 'Merl Daft', 'vel enim');
INSERT INTO volunteers (id, supervisorID, name, languagesSpoken) VALUES ('67', '50', 'Dosi Zoppie', 'orci');
INSERT INTO volunteers (id, supervisorID, name, languagesSpoken) VALUES ('68', '48', 'Evelyn von Grollmann', 'ultrices mattis odio');
INSERT INTO volunteers (id, supervisorID, name, languagesSpoken) VALUES ('69', '11', 'Vick Easby', 'sapien');
INSERT INTO volunteers (id, supervisorID, name, languagesSpoken) VALUES ('70', '19', 'Donnajean Master', 'metus vitae');
INSERT INTO volunteers (id, supervisorID, name, languagesSpoken) VALUES ('71', '38', 'Owen Quinn', 'erat nulla tempus');
INSERT INTO volunteers (id, supervisorID, name, languagesSpoken) VALUES ('72', '3', 'Crystal Cranmor', 'in');
INSERT INTO volunteers (id, supervisorID, name, languagesSpoken) VALUES ('73', '16', 'Justen Bullard', 'purus eu magna');
INSERT INTO volunteers (id, supervisorID, name, languagesSpoken) VALUES ('74', '43', 'Arel Postles', 'quis tortor');
INSERT INTO volunteers (id, supervisorID, name, languagesSpoken) VALUES ('75', '30', 'Raymond Snar', 'erat quisque erat');
INSERT INTO volunteers (id, supervisorID, name, languagesSpoken) VALUES ('76', '12', 'Alexandr Mattioni', 'potenti nullam porttitor lacus');
INSERT INTO volunteers (id, supervisorID, name, languagesSpoken) VALUES ('77', '18', 'Donnamarie Turbard', 'fusce posuere felis sed');
INSERT INTO volunteers (id, supervisorID, name, languagesSpoken) VALUES ('78', '17', 'Libbie Jackways', 'phasellus in felis');
INSERT INTO volunteers (id, supervisorID, name, languagesSpoken) VALUES ('79', '44', 'Tomas Petschel', 'at nunc commodo');
INSERT INTO volunteers (id, supervisorID, name, languagesSpoken) VALUES ('80', '31', 'Amos Durnall', 'ligula');
INSERT INTO volunteers (id, supervisorID, name, languagesSpoken) VALUES ('81', '23', 'Westleigh Fotherby', 'nec');
INSERT INTO volunteers (id, supervisorID, name, languagesSpoken) VALUES ('82', '2', 'Corny Hasker', 'purus aliquet at');
INSERT INTO volunteers (id, supervisorID, name, languagesSpoken) VALUES ('83', '15', 'Jarrett Schleswig-Holstein', 'congue elementum in');
INSERT INTO volunteers (id, supervisorID, name, languagesSpoken) VALUES ('84', '1', 'Nicol Carvil', 'id massa id');
INSERT INTO volunteers (id, supervisorID, name, languagesSpoken) VALUES ('85', '7', 'Ravid Henzley', 'pede');
INSERT INTO volunteers (id, supervisorID, name, languagesSpoken) VALUES ('86', '37', 'Kial Mattaser', 'nulla');
INSERT INTO volunteers (id, supervisorID, name, languagesSpoken) VALUES ('87', '40', 'Codie Terbeek', 'in');
INSERT INTO volunteers (id, supervisorID, name, languagesSpoken) VALUES ('88', '13', 'Jeffrey Pearne', 'nunc proin');
INSERT INTO volunteers (id, supervisorID, name, languagesSpoken) VALUES ('89', '25', 'Scotty Dowsey', 'placerat ante nulla');
INSERT INTO volunteers (id, supervisorID, name, languagesSpoken) VALUES ('90', '39', 'Melony Worsnup', 'dui');
INSERT INTO volunteers (id, supervisorID, name, languagesSpoken) VALUES ('91', '49', 'Mag Nutman', 'massa');
INSERT INTO volunteers (id, supervisorID, name, languagesSpoken) VALUES ('92', '36', 'Dita Beatens', 'euismod scelerisque quam');
INSERT INTO volunteers (id, supervisorID, name, languagesSpoken) VALUES ('93', '9', 'Eugenio Warbeys', 'fusce');
INSERT INTO volunteers (id, supervisorID, name, languagesSpoken) VALUES ('94', '16', 'Christy Rustedge', 'ipsum primis');
INSERT INTO volunteers (id, supervisorID, name, languagesSpoken) VALUES ('95', '13', 'Glendon Picardo', 'quis turpis');
INSERT INTO volunteers (id, supervisorID, name, languagesSpoken) VALUES ('96', '3', 'Quinta Trobe', 'nulla pede ullamcorper');
INSERT INTO volunteers (id, supervisorID, name, languagesSpoken) VALUES ('97', '15', 'Hasheem Grzelewski', 'primis in');
INSERT INTO volunteers (id, supervisorID, name, languagesSpoken) VALUES ('98', '14', 'Maryjane Vedeshkin', 'eu massa donec dapibus');
INSERT INTO volunteers (id, supervisorID, name, languagesSpoken) VALUES ('99', '42', 'Rozanne Pittle', 'varius ut');
INSERT INTO volunteers (id, supervisorID, name, languagesSpoken) VALUES ('100', '45', 'Lamond Pellman', 'sed tristique');
INSERT INTO volunteers (id, supervisorID, name, languagesSpoken) VALUES ('101', '25', 'Jens Pierrepont', 'ullamcorper purus sit amet');
INSERT INTO volunteers (id, supervisorID, name, languagesSpoken) VALUES ('102', '9', 'Marcile de Savery', 'curabitur in');
INSERT INTO volunteers (id, supervisorID, name, languagesSpoken) VALUES ('103', '44', 'Carolan Hanmer', 'morbi odio');
INSERT INTO volunteers (id, supervisorID, name, languagesSpoken) VALUES ('104', '5', 'Garnette Gaucher', 'orci');
INSERT INTO volunteers (id, supervisorID, name, languagesSpoken) VALUES ('105', '20', 'Leonerd Brahm', 'sapien arcu sed augue');
INSERT INTO volunteers (id, supervisorID, name, languagesSpoken) VALUES ('106', '7', 'Steve Buncombe', 'montes nascetur');
INSERT INTO volunteers (id, supervisorID, name, languagesSpoken) VALUES ('107', '23', 'Patrizio Helliker', 'nullam varius');
INSERT INTO volunteers (id, supervisorID, name, languagesSpoken) VALUES ('108', '10', 'Boniface Petrecz', 'purus');
INSERT INTO volunteers (id, supervisorID, name, languagesSpoken) VALUES ('109', '24', 'Sayres Havard', 'augue');
INSERT INTO volunteers (id, supervisorID, name, languagesSpoken) VALUES ('110', '38', 'Rochell Goodwell', 'id justo');
INSERT INTO volunteers (id, supervisorID, name, languagesSpoken) VALUES ('111', '40', 'Ora Lamboll', 'erat curabitur gravida nisi');
INSERT INTO volunteers (id, supervisorID, name, languagesSpoken) VALUES ('112', '19', 'Anabal Mc Gorley', 'nibh in');
INSERT INTO volunteers (id, supervisorID, name, languagesSpoken) VALUES ('113', '41', 'Mariejeanne Cameli', 'urna ut');
INSERT INTO volunteers (id, supervisorID, name, languagesSpoken) VALUES ('114', '8', 'Darill Harvey', 'a libero');
INSERT INTO volunteers (id, supervisorID, name, languagesSpoken) VALUES ('115', '21', 'Gwenore Barnaby', 'ut erat id mauris');
INSERT INTO volunteers (id, supervisorID, name, languagesSpoken) VALUES ('116', '37', 'Julita Duffer', 'condimentum id luctus nec');
INSERT INTO volunteers (id, supervisorID, name, languagesSpoken) VALUES ('117', '27', 'Cecil Stanney', 'diam');
INSERT INTO volunteers (id, supervisorID, name, languagesSpoken) VALUES ('118', '50', 'Bevon Allain', 'volutpat');
INSERT INTO volunteers (id, supervisorID, name, languagesSpoken) VALUES ('119', '46', 'Dannie Ornils', 'purus sit');
INSERT INTO volunteers (id, supervisorID, name, languagesSpoken) VALUES ('120', '11', 'Jeremy Limpenny', 'ut rhoncus');
INSERT INTO volunteers (id, supervisorID, name, languagesSpoken) VALUES ('121', '35', 'Gregg Dalgarno', 'est phasellus sit');
INSERT INTO volunteers (id, supervisorID, name, languagesSpoken) VALUES ('122', '34', 'Tyler Wing', 'nibh in hac habitasse');
INSERT INTO volunteers (id, supervisorID, name, languagesSpoken) VALUES ('123', '30', 'Guendolen Crankshaw', 'vestibulum eget');
INSERT INTO volunteers (id, supervisorID, name, languagesSpoken) VALUES ('124', '49', 'Cecil Paffot', 'turpis');
INSERT INTO volunteers (id, supervisorID, name, languagesSpoken) VALUES ('125', '28', 'Babette Gummery', 'ac consequat metus sapien');
INSERT INTO volunteers (id, supervisorID, name, languagesSpoken) VALUES ('126', '38', 'Estele Cowden', 'interdum mauris ullamcorper purus');
INSERT INTO volunteers (id, supervisorID, name, languagesSpoken) VALUES ('127', '5', 'Molly Kilford', 'nibh in');
INSERT INTO volunteers (id, supervisorID, name, languagesSpoken) VALUES ('128', '25', 'Bevon Rushworth', 'id pretium iaculis diam');
INSERT INTO volunteers (id, supervisorID, name, languagesSpoken) VALUES ('129', '18', 'Yoko Chard', 'ipsum primis');
INSERT INTO volunteers (id, supervisorID, name, languagesSpoken) VALUES ('130', '26', 'Larine Hamerton', 'amet');
INSERT INTO volunteers (id, supervisorID, name, languagesSpoken) VALUES ('131', '16', 'Karisa Belchem', 'lacus');
INSERT INTO volunteers (id, supervisorID, name, languagesSpoken) VALUES ('132', '29', 'Veronike Gildersleeve', 'tempus');
INSERT INTO volunteers (id, supervisorID, name, languagesSpoken) VALUES ('133', '43', 'Halsey Milington', 'suspendisse potenti');
INSERT INTO volunteers (id, supervisorID, name, languagesSpoken) VALUES ('134', '40', 'Tony Rogister', 'est risus auctor');
INSERT INTO volunteers (id, supervisorID, name, languagesSpoken) VALUES ('135', '48', 'Estelle Emps', 'nisl');
INSERT INTO volunteers (id, supervisorID, name, languagesSpoken) VALUES ('136', '12', 'Worth Grimsdith', 'faucibus orci luctus et');
INSERT INTO volunteers (id, supervisorID, name, languagesSpoken) VALUES ('137', '17', 'Tilly Marcu', 'et');
INSERT INTO volunteers (id, supervisorID, name, languagesSpoken) VALUES ('138', '30', 'Julius Huddy', 'ipsum praesent blandit lacinia');
INSERT INTO volunteers (id, supervisorID, name, languagesSpoken) VALUES ('139', '33', 'Zaneta Paulat', 'ut rhoncus aliquet');
INSERT INTO volunteers (id, supervisorID, name, languagesSpoken) VALUES ('140', '4', 'Rollie Crosby', 'volutpat');
INSERT INTO volunteers (id, supervisorID, name, languagesSpoken) VALUES ('141', '10', 'Karlan Willavize', 'vel augue');
INSERT INTO volunteers (id, supervisorID, name, languagesSpoken) VALUES ('142', '22', 'Gusti Rieflin', 'rhoncus sed vestibulum');
INSERT INTO volunteers (id, supervisorID, name, languagesSpoken) VALUES ('143', '32', 'Wenona Swarbrigg', 'convallis nunc proin');
INSERT INTO volunteers (id, supervisorID, name, languagesSpoken) VALUES ('144', '2', 'Jermayne Wimbush', 'cum sociis natoque penatibus');
INSERT INTO volunteers (id, supervisorID, name, languagesSpoken) VALUES ('145', '45', 'Dominique Nairy', 'cras');
INSERT INTO volunteers (id, supervisorID, name, languagesSpoken) VALUES ('146', '21', 'Stevana Oscroft', 'placerat ante');
INSERT INTO volunteers (id, supervisorID, name, languagesSpoken) VALUES ('147', '14', 'Becka Hammell', 'blandit ultrices');
INSERT INTO volunteers (id, supervisorID, name, languagesSpoken) VALUES ('148', '9', 'Kirsteni Sclanders', 'rutrum neque');
INSERT INTO volunteers (id, supervisorID, name, languagesSpoken) VALUES ('149', '46', 'Darlleen Chagg', 'at dolor quis');
INSERT INTO volunteers (id, supervisorID, name, languagesSpoken) VALUES ('150', '44', 'Erny Vallerine', 'sit amet');
INSERT INTO volunteers (id, supervisorID, name, languagesSpoken) VALUES ('151', '23', 'Ailee Danahar', 'in');
INSERT INTO volunteers (id, supervisorID, name, languagesSpoken) VALUES ('152', '50', 'Micky Sheekey', 'tempor');
INSERT INTO volunteers (id, supervisorID, name, languagesSpoken) VALUES ('153', '49', 'Sybilla Dunridge', 'eget eros');
INSERT INTO volunteers (id, supervisorID, name, languagesSpoken) VALUES ('154', '24', 'Beryle Scranedge', 'lacinia erat vestibulum sed');
INSERT INTO volunteers (id, supervisorID, name, languagesSpoken) VALUES ('155', '15', 'Mellie Gutowski', 'ut blandit non interdum');
INSERT INTO volunteers (id, supervisorID, name, languagesSpoken) VALUES ('156', '16', 'Jeremie Burnes', 'tortor');
INSERT INTO volunteers (id, supervisorID, name, languagesSpoken) VALUES ('157', '25', 'Rafaelita Spohr', 'duis bibendum morbi');
INSERT INTO volunteers (id, supervisorID, name, languagesSpoken) VALUES ('158', '2', 'Tania Cometti', 'vestibulum ac est');
INSERT INTO volunteers (id, supervisorID, name, languagesSpoken) VALUES ('159', '14', 'Lynn Cashley', 'luctus tincidunt nulla');
INSERT INTO volunteers (id, supervisorID, name, languagesSpoken) VALUES ('160', '27', 'Elisa Bloxholm', 'ultrices');
INSERT INTO volunteers (id, supervisorID, name, languagesSpoken) VALUES ('161', '49', 'Arne Schubbert', 'eu mi nulla');
INSERT INTO volunteers (id, supervisorID, name, languagesSpoken) VALUES ('162', '33', 'Albert Philpin', 'semper');
INSERT INTO volunteers (id, supervisorID, name, languagesSpoken) VALUES ('163', '36', 'Filmer Pauer', 'in tempor turpis');
INSERT INTO volunteers (id, supervisorID, name, languagesSpoken) VALUES ('164', '13', 'Celle Bakster', 'id');
INSERT INTO volunteers (id, supervisorID, name, languagesSpoken) VALUES ('165', '18', 'Windham Reding', 'tincidunt eget');
INSERT INTO volunteers (id, supervisorID, name, languagesSpoken) VALUES ('166', '8', 'Randee Marquess', 'blandit non');
INSERT INTO volunteers (id, supervisorID, name, languagesSpoken) VALUES ('167', '31', 'Jacinta Atchly', 'aliquet at feugiat');
INSERT INTO volunteers (id, supervisorID, name, languagesSpoken) VALUES ('168', '22', 'Araldo Geer', 'interdum mauris ullamcorper purus');
INSERT INTO volunteers (id, supervisorID, name, languagesSpoken) VALUES ('169', '23', 'Chrisy Hasnney', 'platea dictumst');
INSERT INTO volunteers (id, supervisorID, name, languagesSpoken) VALUES ('170', '9', 'Leonerd Dawnay', 'vitae nisi nam ultrices');
INSERT INTO volunteers (id, supervisorID, name, languagesSpoken) VALUES ('171', '30', 'Zebulen Silliman', 'vulputate nonummy');
INSERT INTO volunteers (id, supervisorID, name, languagesSpoken) VALUES ('172', '37', 'Ricard McGuigan', 'aliquam quis');
INSERT INTO volunteers (id, supervisorID, name, languagesSpoken) VALUES ('173', '28', 'Callie Dredge', 'quisque ut erat');
INSERT INTO volunteers (id, supervisorID, name, languagesSpoken) VALUES ('174', '50', 'Whitney Endley', 'mi sit amet');
INSERT INTO volunteers (id, supervisorID, name, languagesSpoken) VALUES ('175', '10', 'Zechariah Eynaud', 'tincidunt nulla mollis');
INSERT INTO volunteers (id, supervisorID, name, languagesSpoken) VALUES ('176', '11', 'Kimberley Guslon', 'etiam');
INSERT INTO volunteers (id, supervisorID, name, languagesSpoken) VALUES ('177', '44', 'Celinda Dark', 'elementum in hac habitasse');
INSERT INTO volunteers (id, supervisorID, name, languagesSpoken) VALUES ('178', '3', 'Bern Castelot', 'lacinia');
INSERT INTO volunteers (id, supervisorID, name, languagesSpoken) VALUES ('179', '39', 'Leonie Carty', 'accumsan felis ut at');
INSERT INTO volunteers (id, supervisorID, name, languagesSpoken) VALUES ('180', '19', 'Adena Laying', 'in faucibus orci luctus');
INSERT INTO volunteers (id, supervisorID, name, languagesSpoken) VALUES ('181', '15', 'Barty Hollow', 'orci luctus et ultrices');
INSERT INTO volunteers (id, supervisorID, name, languagesSpoken) VALUES ('182', '6', 'Mallorie Peddel', 'nullam molestie nibh in');
INSERT INTO volunteers (id, supervisorID, name, languagesSpoken) VALUES ('183', '26', 'Rosco Deny', 'ultrices posuere');
INSERT INTO volunteers (id, supervisorID, name, languagesSpoken) VALUES ('184', '41', 'Tomlin Stonary', 'neque vestibulum eget');
INSERT INTO volunteers (id, supervisorID, name, languagesSpoken) VALUES ('185', '35', 'Lane Hierro', 'turpis integer aliquet massa');
INSERT INTO volunteers (id, supervisorID, name, languagesSpoken) VALUES ('186', '12', 'Meagan Milier', 'duis at');
INSERT INTO volunteers (id, supervisorID, name, languagesSpoken) VALUES ('187', '21', 'Nara Roughsedge', 'proin interdum mauris non');
INSERT INTO volunteers (id, supervisorID, name, languagesSpoken) VALUES ('188', '46', 'Tori Starking', 'pulvinar lobortis est phasellus');
INSERT INTO volunteers (id, supervisorID, name, languagesSpoken) VALUES ('189', '31', 'Tessie Uwins', 'pellentesque');
INSERT INTO volunteers (id, supervisorID, name, languagesSpoken) VALUES ('190', '27', 'Davida Wicks', 'neque vestibulum');
INSERT INTO volunteers (id, supervisorID, name, languagesSpoken) VALUES ('191', '24', 'Elissa Firman', 'potenti in eleifend quam');
INSERT INTO volunteers (id, supervisorID, name, languagesSpoken) VALUES ('192', '11', 'Krissie Beddow', 'at');
INSERT INTO volunteers (id, supervisorID, name, languagesSpoken) VALUES ('193', '2', 'Drusie Berisford', 'lectus aliquam sit amet');
INSERT INTO volunteers (id, supervisorID, name, languagesSpoken) VALUES ('194', '9', 'Lusa Coneley', 'amet');
INSERT INTO volunteers (id, supervisorID, name, languagesSpoken) VALUES ('195', '8', 'Willie De Bruijne', 'habitasse');
INSERT INTO volunteers (id, supervisorID, name, languagesSpoken) VALUES ('196', '3', 'Sula Spino', 'duis bibendum morbi');
INSERT INTO volunteers (id, supervisorID, name, languagesSpoken) VALUES ('197', '32', 'Edlin Girardey', 'non velit nec');
INSERT INTO volunteers (id, supervisorID, name, languagesSpoken) VALUES ('198', '25', 'Roz Cosin', 'sem');
INSERT INTO volunteers (id, supervisorID, name, languagesSpoken) VALUES ('199', '47', 'Chad Hammonds', 'dui proin leo');
INSERT INTO volunteers (id, supervisorID, name, languagesSpoken) VALUES ('200', '30', 'Annie Filippyev', 'proin');
INSERT INTO volunteers (id, supervisorID, name, languagesSpoken) VALUES ('201', '41', 'Cris Murrie', 'sed vestibulum sit amet');
INSERT INTO volunteers (id, supervisorID, name, languagesSpoken) VALUES ('202', '10', 'Ric Aronstein', 'aliquam sit amet');
INSERT INTO volunteers (id, supervisorID, name, languagesSpoken) VALUES ('203', '1', 'Eolanda Blissett', 'sed interdum venenatis turpis');
INSERT INTO volunteers (id, supervisorID, name, languagesSpoken) VALUES ('204', '37', 'Doy Vallance', 'fermentum justo nec condimentum');
INSERT INTO volunteers (id, supervisorID, name, languagesSpoken) VALUES ('205', '12', 'Dyan Parffrey', 'integer non');
INSERT INTO volunteers (id, supervisorID, name, languagesSpoken) VALUES ('206', '26', 'Olympie Mizzi', 'nisl');
INSERT INTO volunteers (id, supervisorID, name, languagesSpoken) VALUES ('207', '29', 'Phillis Silveston', 'vitae mattis nibh');
INSERT INTO volunteers (id, supervisorID, name, languagesSpoken) VALUES ('208', '48', 'Shina Underhill', 'pretium');
INSERT INTO volunteers (id, supervisorID, name, languagesSpoken) VALUES ('209', '16', 'Wes Tungate', 'semper porta volutpat quam');
INSERT INTO volunteers (id, supervisorID, name, languagesSpoken) VALUES ('210', '42', 'Eleanore Haggleton', 'nulla suspendisse');
INSERT INTO volunteers (id, supervisorID, name, languagesSpoken) VALUES ('211', '23', 'Kimberley Sprigging', 'justo aliquam quis');
INSERT INTO volunteers (id, supervisorID, name, languagesSpoken) VALUES ('212', '7', 'Kat Ebbutt', 'id pretium');
INSERT INTO volunteers (id, supervisorID, name, languagesSpoken) VALUES ('213', '5', 'Julius Cornner', 'libero quis orci nullam');
INSERT INTO volunteers (id, supervisorID, name, languagesSpoken) VALUES ('214', '44', 'Kin Pagram', 'quis justo maecenas');
INSERT INTO volunteers (id, supervisorID, name, languagesSpoken) VALUES ('215', '18', 'Tristam Sandeson', 'condimentum id luctus');
INSERT INTO volunteers (id, supervisorID, name, languagesSpoken) VALUES ('216', '13', 'Elita Jacmard', 'semper est quam');
INSERT INTO volunteers (id, supervisorID, name, languagesSpoken) VALUES ('217', '43', 'Sean Warbrick', 'cras in purus');
INSERT INTO volunteers (id, supervisorID, name, languagesSpoken) VALUES ('218', '46', 'Sydney Tubb', 'sit amet diam in');
INSERT INTO volunteers (id, supervisorID, name, languagesSpoken) VALUES ('219', '32', 'Aeriell Eisak', 'ac');
INSERT INTO volunteers (id, supervisorID, name, languagesSpoken) VALUES ('220', '30', 'Ulric Massie', 'non quam');
INSERT INTO volunteers (id, supervisorID, name, languagesSpoken) VALUES ('221', '31', 'Serena Fedoronko', 'congue vivamus');
INSERT INTO volunteers (id, supervisorID, name, languagesSpoken) VALUES ('222', '26', 'Demetra Rubica', 'condimentum id luctus');
INSERT INTO volunteers (id, supervisorID, name, languagesSpoken) VALUES ('223', '23', 'Starr Whitley', 'donec odio');
INSERT INTO volunteers (id, supervisorID, name, languagesSpoken) VALUES ('224', '28', 'Valle Kliche', 'in lectus pellentesque');
INSERT INTO volunteers (id, supervisorID, name, languagesSpoken) VALUES ('225', '41', 'Merrill Yousef', 'erat id');
INSERT INTO volunteers (id, supervisorID, name, languagesSpoken) VALUES ('226', '50', 'Kip Itzkovwich', 'convallis nunc proin at');
INSERT INTO volunteers (id, supervisorID, name, languagesSpoken) VALUES ('227', '38', 'Fan Eschalette', 'in');
INSERT INTO volunteers (id, supervisorID, name, languagesSpoken) VALUES ('228', '7', 'Payton Soreau', 'mi pede');
INSERT INTO volunteers (id, supervisorID, name, languagesSpoken) VALUES ('229', '18', 'Keefe Ingham', 'eget tincidunt eget');
INSERT INTO volunteers (id, supervisorID, name, languagesSpoken) VALUES ('230', '35', 'Lemmy Manilove', 'pede ac diam cras');
INSERT INTO volunteers (id, supervisorID, name, languagesSpoken) VALUES ('231', '13', 'Humfrey Figgs', 'enim in tempor turpis');
INSERT INTO volunteers (id, supervisorID, name, languagesSpoken) VALUES ('232', '40', 'Illa Cabrara', 'pretium nisl ut volutpat');
INSERT INTO volunteers (id, supervisorID, name, languagesSpoken) VALUES ('233', '47', 'Jaquenette Boncore', 'sollicitudin ut');
INSERT INTO volunteers (id, supervisorID, name, languagesSpoken) VALUES ('234', '43', 'Gabbie Bachman', 'malesuada in');
INSERT INTO volunteers (id, supervisorID, name, languagesSpoken) VALUES ('235', '6', 'Peta Toffolini', 'nec');
INSERT INTO volunteers (id, supervisorID, name, languagesSpoken) VALUES ('236', '45', 'Siana Ruby', 'sed tincidunt eu');
INSERT INTO volunteers (id, supervisorID, name, languagesSpoken) VALUES ('237', '36', 'Merrie Cheyenne', 'orci luctus');
INSERT INTO volunteers (id, supervisorID, name, languagesSpoken) VALUES ('238', '16', 'Durant Yurikov', 'nibh quisque id');
INSERT INTO volunteers (id, supervisorID, name, languagesSpoken) VALUES ('239', '29', 'Maressa Pavitt', 'duis mattis');
INSERT INTO volunteers (id, supervisorID, name, languagesSpoken) VALUES ('240', '42', 'Dalis Blomefield', 'ac leo pellentesque ultrices');
INSERT INTO volunteers (id, supervisorID, name, languagesSpoken) VALUES ('241', '33', 'Anselma Cracoe', 'dapibus at diam nam');
INSERT INTO volunteers (id, supervisorID, name, languagesSpoken) VALUES ('242', '39', 'Justino Riddell', 'vivamus in');
INSERT INTO volunteers (id, supervisorID, name, languagesSpoken) VALUES ('243', '34', 'Maribelle Kimmons', 'aliquet massa');
INSERT INTO volunteers (id, supervisorID, name, languagesSpoken) VALUES ('244', '19', 'Felecia Kingzeth', 'habitasse platea dictumst');
INSERT INTO volunteers (id, supervisorID, name, languagesSpoken) VALUES ('245', '14', 'Demetri Johantges', 'cubilia curae mauris viverra');
INSERT INTO volunteers (id, supervisorID, name, languagesSpoken) VALUES ('246', '17', 'Merrick Cuttler', 'justo');
INSERT INTO volunteers (id, supervisorID, name, languagesSpoken) VALUES ('247', '11', 'Madelin Junkin', 'eget tincidunt eget');
INSERT INTO volunteers (id, supervisorID, name, languagesSpoken) VALUES ('248', '5', 'Yetty Thake', 'sapien cum sociis');
INSERT INTO volunteers (id, supervisorID, name, languagesSpoken) VALUES ('249', '15', 'Raul Hillaby', 'nisi');
INSERT INTO volunteers (id, supervisorID, name, languagesSpoken) VALUES ('250', '23', 'Jamal Keene', 'nam tristique tortor eu');
INSERT INTO volunteers (id, supervisorID, name, languagesSpoken) VALUES ('251', '12', 'Wilona Moggan', 'blandit nam nulla integer');
INSERT INTO volunteers (id, supervisorID, name, languagesSpoken) VALUES ('252', '28', 'Tito Nisuis', 'maecenas');
INSERT INTO volunteers (id, supervisorID, name, languagesSpoken) VALUES ('253', '19', 'Shanna Boston', 'ultrices mattis');
INSERT INTO volunteers (id, supervisorID, name, languagesSpoken) VALUES ('254', '9', 'Shermy Orhtmann', 'quisque erat');
INSERT INTO volunteers (id, supervisorID, name, languagesSpoken) VALUES ('255', '2', 'Tally Kemwal', 'hac habitasse');
INSERT INTO volunteers (id, supervisorID, name, languagesSpoken) VALUES ('256', '14', 'Linnea Gecks', 'porta volutpat quam pede');
INSERT INTO volunteers (id, supervisorID, name, languagesSpoken) VALUES ('257', '40', 'Reina Billinge', 'lacinia sapien quis');
INSERT INTO volunteers (id, supervisorID, name, languagesSpoken) VALUES ('258', '18', 'Bevin Sickert', 'in ante');
INSERT INTO volunteers (id, supervisorID, name, languagesSpoken) VALUES ('259', '34', 'Duncan Puncher', 'eleifend donec ut');
INSERT INTO volunteers (id, supervisorID, name, languagesSpoken) VALUES ('260', '45', 'Annabella Stobbs', 'metus vitae ipsum aliquam');
INSERT INTO volunteers (id, supervisorID, name, languagesSpoken) VALUES ('261', '47', 'Marice Gomme', 'in');
INSERT INTO volunteers (id, supervisorID, name, languagesSpoken) VALUES ('262', '31', 'Tomasina Adamou', 'venenatis');
INSERT INTO volunteers (id, supervisorID, name, languagesSpoken) VALUES ('263', '16', 'Mano Stockdale', 'pretium nisl ut volutpat');
INSERT INTO volunteers (id, supervisorID, name, languagesSpoken) VALUES ('264', '1', 'Inna Felkin', 'tincidunt nulla mollis molestie');
INSERT INTO volunteers (id, supervisorID, name, languagesSpoken) VALUES ('265', '6', 'Davidson MacGiany', 'nibh');
INSERT INTO volunteers (id, supervisorID, name, languagesSpoken) VALUES ('266', '43', 'Terri-jo Cicchillo', 'integer ac');
INSERT INTO volunteers (id, supervisorID, name, languagesSpoken) VALUES ('267', '24', 'Rora Hizir', 'amet eleifend');
INSERT INTO volunteers (id, supervisorID, name, languagesSpoken) VALUES ('268', '35', 'Millard Cartmale', 'sollicitudin');
INSERT INTO volunteers (id, supervisorID, name, languagesSpoken) VALUES ('269', '22', 'Penni Barabich', 'integer ac');
INSERT INTO volunteers (id, supervisorID, name, languagesSpoken) VALUES ('270', '50', 'Calley Langlands', 'dui vel sem');
INSERT INTO volunteers (id, supervisorID, name, languagesSpoken) VALUES ('271', '10', 'Wynnie McCarron', 'morbi vel');
INSERT INTO volunteers (id, supervisorID, name, languagesSpoken) VALUES ('272', '49', 'Perry Condit', 'sapien arcu sed');
INSERT INTO volunteers (id, supervisorID, name, languagesSpoken) VALUES ('273', '17', 'Kayle McColgan', 'nec nisi volutpat eleifend');
INSERT INTO volunteers (id, supervisorID, name, languagesSpoken) VALUES ('274', '41', 'Raimund Goozee', 'lacus morbi quis tortor');
INSERT INTO volunteers (id, supervisorID, name, languagesSpoken) VALUES ('275', '25', 'See Bonhomme', 'eu interdum eu tincidunt');
INSERT INTO volunteers (id, supervisorID, name, languagesSpoken) VALUES ('276', '20', 'Dyane Hayen', 'libero');
INSERT INTO volunteers (id, supervisorID, name, languagesSpoken) VALUES ('277', '33', 'Sissie Marzelle', 'tempus vel pede');
INSERT INTO volunteers (id, supervisorID, name, languagesSpoken) VALUES ('278', '7', 'Gracie Reimers', 'ultrices posuere cubilia curae');
INSERT INTO volunteers (id, supervisorID, name, languagesSpoken) VALUES ('279', '32', 'Mallorie MacEvilly', 'accumsan felis ut');
INSERT INTO volunteers (id, supervisorID, name, languagesSpoken) VALUES ('280', '34', 'Wenonah Rock', 'pede justo lacinia eget');
INSERT INTO volunteers (id, supervisorID, name, languagesSpoken) VALUES ('281', '4', 'Bianca Dagwell', 'eleifend luctus ultricies');
INSERT INTO volunteers (id, supervisorID, name, languagesSpoken) VALUES ('282', '27', 'Helyn Valdes', 'volutpat quam pede lobortis');
INSERT INTO volunteers (id, supervisorID, name, languagesSpoken) VALUES ('283', '7', 'Crystie Lyons', 'nisl nunc nisl duis');
INSERT INTO volunteers (id, supervisorID, name, languagesSpoken) VALUES ('284', '6', 'Arley Paraman', 'mi in porttitor');
INSERT INTO volunteers (id, supervisorID, name, languagesSpoken) VALUES ('285', '18', 'Thoma Doumerque', 'hac habitasse platea dictumst');
INSERT INTO volunteers (id, supervisorID, name, languagesSpoken) VALUES ('286', '35', 'Cayla Kohring', 'pretium iaculis justo');
INSERT INTO volunteers (id, supervisorID, name, languagesSpoken) VALUES ('287', '36', 'Niki Leckey', 'sapien varius ut');
INSERT INTO volunteers (id, supervisorID, name, languagesSpoken) VALUES ('288', '23', 'Temp Sanders', 'faucibus orci');
INSERT INTO volunteers (id, supervisorID, name, languagesSpoken) VALUES ('289', '33', 'Anya Harvard', 'in tempor turpis nec');
INSERT INTO volunteers (id, supervisorID, name, languagesSpoken) VALUES ('290', '42', 'Dilly Richt', 'cursus urna ut');
INSERT INTO volunteers (id, supervisorID, name, languagesSpoken) VALUES ('291', '14', 'Lucia Pendrick', 'lacinia aenean sit');
INSERT INTO volunteers (id, supervisorID, name, languagesSpoken) VALUES ('292', '45', 'Kala Gallichan', 'est lacinia');
INSERT INTO volunteers (id, supervisorID, name, languagesSpoken) VALUES ('293', '46', 'Kincaid Poulston', 'posuere nonummy integer non');
INSERT INTO volunteers (id, supervisorID, name, languagesSpoken) VALUES ('294', '29', 'Farrell Heggs', 'in porttitor');
INSERT INTO volunteers (id, supervisorID, name, languagesSpoken) VALUES ('295', '1', 'Oates Taylour', 'sed vel enim sit');
INSERT INTO volunteers (id, supervisorID, name, languagesSpoken) VALUES ('296', '13', 'Clive Wigelsworth', 'sed ante vivamus tortor');
INSERT INTO volunteers (id, supervisorID, name, languagesSpoken) VALUES ('297', '11', 'Tani Bortoloni', 'mauris');
INSERT INTO volunteers (id, supervisorID, name, languagesSpoken) VALUES ('298', '31', 'Sheena Glanton', 'sed vestibulum sit amet');
INSERT INTO volunteers (id, supervisorID, name, languagesSpoken) VALUES ('299', '22', 'Jessalyn Joskowicz', 'mi sit amet lobortis');
INSERT INTO volunteers (id, supervisorID, name, languagesSpoken) VALUES ('300', '3', 'Lamar Laister', 'maecenas rhoncus');
INSERT INTO volunteers (id, supervisorID, name, languagesSpoken) VALUES ('301', '10', 'Joellen Pynner', 'risus praesent lectus');
INSERT INTO volunteers (id, supervisorID, name, languagesSpoken) VALUES ('302', '8', 'Clemmie Geraudel', 'luctus ultricies eu nibh');
INSERT INTO volunteers (id, supervisorID, name, languagesSpoken) VALUES ('303', '28', 'Lovell Dimbylow', 'libero');
INSERT INTO volunteers (id, supervisorID, name, languagesSpoken) VALUES ('304', '32', 'Sarene Simonitto', 'odio porttitor id consequat');
INSERT INTO volunteers (id, supervisorID, name, languagesSpoken) VALUES ('305', '19', 'Tierney Patten', 'diam in');
INSERT INTO volunteers (id, supervisorID, name, languagesSpoken) VALUES ('306', '39', 'Paulo Aidler', 'ultrices');
INSERT INTO volunteers (id, supervisorID, name, languagesSpoken) VALUES ('307', '9', 'Norrie Tamblyn', 'non mi integer ac');
INSERT INTO volunteers (id, supervisorID, name, languagesSpoken) VALUES ('308', '2', 'Jaymie Chene', 'luctus');
INSERT INTO volunteers (id, supervisorID, name, languagesSpoken) VALUES ('309', '41', 'Glori Iacoboni', 'vestibulum sit amet cursus');
INSERT INTO volunteers (id, supervisorID, name, languagesSpoken) VALUES ('310', '16', 'Oswald Nyland', 'phasellus id sapien in');
INSERT INTO volunteers (id, supervisorID, name, languagesSpoken) VALUES ('311', '9', 'Celie Tapsfield', 'urna ut');
INSERT INTO volunteers (id, supervisorID, name, languagesSpoken) VALUES ('312', '46', 'Trula Balle', 'quam');
INSERT INTO volunteers (id, supervisorID, name, languagesSpoken) VALUES ('313', '6', 'Uriah Cressingham', 'nulla dapibus');
INSERT INTO volunteers (id, supervisorID, name, languagesSpoken) VALUES ('314', '44', 'Mattias Arnaudet', 'dui proin leo');
INSERT INTO volunteers (id, supervisorID, name, languagesSpoken) VALUES ('315', '1', 'Alysa Panchen', 'sagittis nam');
INSERT INTO volunteers (id, supervisorID, name, languagesSpoken) VALUES ('316', '34', 'Gertie Romanini', 'dictumst morbi vestibulum velit');
INSERT INTO volunteers (id, supervisorID, name, languagesSpoken) VALUES ('317', '19', 'Van Corsar', 'molestie');
INSERT INTO volunteers (id, supervisorID, name, languagesSpoken) VALUES ('318', '23', 'Jackie Elks', 'maecenas');
INSERT INTO volunteers (id, supervisorID, name, languagesSpoken) VALUES ('319', '36', 'Charlotte Haggus', 'sit amet turpis');
INSERT INTO volunteers (id, supervisorID, name, languagesSpoken) VALUES ('320', '8', 'Clarine Kidman', 'in faucibus orci');
INSERT INTO volunteers (id, supervisorID, name, languagesSpoken) VALUES ('321', '2', 'Shannah Hansana', 'urna');
INSERT INTO volunteers (id, supervisorID, name, languagesSpoken) VALUES ('322', '35', 'Annette Kulvear', 'erat fermentum justo');
INSERT INTO volunteers (id, supervisorID, name, languagesSpoken) VALUES ('323', '16', 'Peyter Dorken', 'orci');
INSERT INTO volunteers (id, supervisorID, name, languagesSpoken) VALUES ('324', '13', 'Phillip Shurville', 'auctor gravida');
INSERT INTO volunteers (id, supervisorID, name, languagesSpoken) VALUES ('325', '40', 'Florida Pinnock', 'vel lectus in');
INSERT INTO volunteers (id, supervisorID, name, languagesSpoken) VALUES ('326', '43', 'Kippy Jeste', 'sit');
INSERT INTO volunteers (id, supervisorID, name, languagesSpoken) VALUES ('327', '10', 'Freedman Joiris', 'eget semper rutrum');
INSERT INTO volunteers (id, supervisorID, name, languagesSpoken) VALUES ('328', '39', 'Dorine Beaudry', 'elementum pellentesque quisque');
INSERT INTO volunteers (id, supervisorID, name, languagesSpoken) VALUES ('329', '41', 'Gena Gaitskell', 'at nunc commodo');
INSERT INTO volunteers (id, supervisorID, name, languagesSpoken) VALUES ('330', '4', 'Dode Beirne', 'ultrices mattis odio');
INSERT INTO volunteers (id, supervisorID, name, languagesSpoken) VALUES ('331', '32', 'Tillie Moncrieffe', 'est phasellus');
INSERT INTO volunteers (id, supervisorID, name, languagesSpoken) VALUES ('332', '12', 'Giulia Cunnell', 'turpis eget');
INSERT INTO volunteers (id, supervisorID, name, languagesSpoken) VALUES ('333', '38', 'Patrizia Dowell', 'volutpat quam pede');
INSERT INTO volunteers (id, supervisorID, name, languagesSpoken) VALUES ('334', '21', 'Frannie Currington', 'erat nulla tempus');
INSERT INTO volunteers (id, supervisorID, name, languagesSpoken) VALUES ('335', '29', 'Amerigo Offord', 'dis');
INSERT INTO volunteers (id, supervisorID, name, languagesSpoken) VALUES ('336', '17', 'Shalne Torel', 'est');
INSERT INTO volunteers (id, supervisorID, name, languagesSpoken) VALUES ('337', '26', 'Bonita Szachniewicz', 'in quam fringilla');
INSERT INTO volunteers (id, supervisorID, name, languagesSpoken) VALUES ('338', '45', 'Nicolle Rycraft', 'porttitor lacus at');
INSERT INTO volunteers (id, supervisorID, name, languagesSpoken) VALUES ('339', '15', 'Leopold Denty', 'mollis molestie lorem quisque');
INSERT INTO volunteers (id, supervisorID, name, languagesSpoken) VALUES ('340', '7', 'Irwin Ellerker', 'in tempus');
INSERT INTO volunteers (id, supervisorID, name, languagesSpoken) VALUES ('341', '28', 'Stillmann Lafflin', 'pellentesque');
INSERT INTO volunteers (id, supervisorID, name, languagesSpoken) VALUES ('342', '37', 'Sanders Challenor', 'quam');
INSERT INTO volunteers (id, supervisorID, name, languagesSpoken) VALUES ('343', '40', 'Rena Smewin', 'ac');
INSERT INTO volunteers (id, supervisorID, name, languagesSpoken) VALUES ('344', '15', 'Gayleen MacGill', 'vestibulum velit id');
INSERT INTO volunteers (id, supervisorID, name, languagesSpoken) VALUES ('345', '11', 'Katti Marcham', 'eu est congue elementum');
INSERT INTO volunteers (id, supervisorID, name, languagesSpoken) VALUES ('346', '44', 'Cecilio Gorden', 'ultricies eu nibh quisque');
INSERT INTO volunteers (id, supervisorID, name, languagesSpoken) VALUES ('347', '2', 'Shanie Corbett', 'amet');
INSERT INTO volunteers (id, supervisorID, name, languagesSpoken) VALUES ('348', '34', 'Aymer Dittson', 'dapibus nulla suscipit');
INSERT INTO volunteers (id, supervisorID, name, languagesSpoken) VALUES ('349', '10', 'Vergil Clinning', 'felis ut at');
INSERT INTO volunteers (id, supervisorID, name, languagesSpoken) VALUES ('350', '38', 'Herrick Rankin', 'molestie');
INSERT INTO volunteers (id, supervisorID, name, languagesSpoken) VALUES ('351', '45', 'Jamesy Allington', 'sem duis');
INSERT INTO volunteers (id, supervisorID, name, languagesSpoken) VALUES ('352', '39', 'Farrah Leahair', 'felis');
INSERT INTO volunteers (id, supervisorID, name, languagesSpoken) VALUES ('353', '18', 'Reggis Harrop', 'nulla nunc purus phasellus');
INSERT INTO volunteers (id, supervisorID, name, languagesSpoken) VALUES ('354', '5', 'Alla Choldcroft', 'tellus');
INSERT INTO volunteers (id, supervisorID, name, languagesSpoken) VALUES ('355', '41', 'Noam Millett', 'quis libero');
INSERT INTO volunteers (id, supervisorID, name, languagesSpoken) VALUES ('356', '50', 'Aile Hidderley', 'suspendisse potenti');
INSERT INTO volunteers (id, supervisorID, name, languagesSpoken) VALUES ('357', '21', 'Reggi Van der Daal', 'pede malesuada in');
INSERT INTO volunteers (id, supervisorID, name, languagesSpoken) VALUES ('358', '26', 'Bettye Bunney', 'ac nulla sed');
INSERT INTO volunteers (id, supervisorID, name, languagesSpoken) VALUES ('359', '35', 'May Paulig', 'lobortis');
INSERT INTO volunteers (id, supervisorID, name, languagesSpoken) VALUES ('360', '47', 'Taddeusz Sherington', 'platea');
INSERT INTO volunteers (id, supervisorID, name, languagesSpoken) VALUES ('361', '4', 'Trumaine Dalwood', 'primis in');
INSERT INTO volunteers (id, supervisorID, name, languagesSpoken) VALUES ('362', '30', 'Lidia Faherty', 'tincidunt');
INSERT INTO volunteers (id, supervisorID, name, languagesSpoken) VALUES ('363', '32', 'Joye Youthead', 'odio curabitur convallis duis');
INSERT INTO volunteers (id, supervisorID, name, languagesSpoken) VALUES ('364', '49', 'Fidelia Prudence', 'quam suspendisse potenti nullam');
INSERT INTO volunteers (id, supervisorID, name, languagesSpoken) VALUES ('365', '43', 'Aguistin Edgeson', 'vulputate justo');
INSERT INTO volunteers (id, supervisorID, name, languagesSpoken) VALUES ('366', '23', 'Lindsy Kellaway', 'elit proin');
INSERT INTO volunteers (id, supervisorID, name, languagesSpoken) VALUES ('367', '42', 'Ursola Sarjant', 'orci luctus et');
INSERT INTO volunteers (id, supervisorID, name, languagesSpoken) VALUES ('368', '14', 'Meggie Blucher', 'elementum eu interdum');
INSERT INTO volunteers (id, supervisorID, name, languagesSpoken) VALUES ('369', '17', 'Chance Jacquemot', 'lacinia nisi');
INSERT INTO volunteers (id, supervisorID, name, languagesSpoken) VALUES ('370', '13', 'Willette Yabsley', 'maecenas rhoncus');
INSERT INTO volunteers (id, supervisorID, name, languagesSpoken) VALUES ('371', '22', 'Clarisse Rimington', 'etiam');
INSERT INTO volunteers (id, supervisorID, name, languagesSpoken) VALUES ('372', '31', 'Alejandrina Stranieri', 'nulla');
INSERT INTO volunteers (id, supervisorID, name, languagesSpoken) VALUES ('373', '25', 'Gabbie Jenteau', 'sapien dignissim vestibulum vestibulum');
INSERT INTO volunteers (id, supervisorID, name, languagesSpoken) VALUES ('374', '26', 'Guido Meuse', 'diam');
INSERT INTO volunteers (id, supervisorID, name, languagesSpoken) VALUES ('375', '46', 'Umeko Vaudin', 'sed magna');
INSERT INTO volunteers (id, supervisorID, name, languagesSpoken) VALUES ('376', '2', 'Perry Tuppeny', 'nibh quisque id justo');
INSERT INTO volunteers (id, supervisorID, name, languagesSpoken) VALUES ('377', '38', 'Isadore De Gouy', 'vel augue vestibulum rutrum');
INSERT INTO volunteers (id, supervisorID, name, languagesSpoken) VALUES ('378', '37', 'Thayne Cullotey', 'eget nunc donec quis');
INSERT INTO volunteers (id, supervisorID, name, languagesSpoken) VALUES ('379', '16', 'Poul Grigorushkin', 'tempor turpis nec euismod');
INSERT INTO volunteers (id, supervisorID, name, languagesSpoken) VALUES ('380', '4', 'Addia Le Guin', 'tortor risus');
INSERT INTO volunteers (id, supervisorID, name, languagesSpoken) VALUES ('381', '22', 'Mariette Villar', 'sit amet diam in');
INSERT INTO volunteers (id, supervisorID, name, languagesSpoken) VALUES ('382', '44', 'Wolf Pardoe', 'eget tincidunt');
INSERT INTO volunteers (id, supervisorID, name, languagesSpoken) VALUES ('383', '27', 'Ugo Itzkov', 'leo rhoncus sed vestibulum');
INSERT INTO volunteers (id, supervisorID, name, languagesSpoken) VALUES ('384', '40', 'Selie Grannell', 'sed nisl nunc');
INSERT INTO volunteers (id, supervisorID, name, languagesSpoken) VALUES ('385', '10', 'Tallie Eagell', 'justo sollicitudin ut');
INSERT INTO volunteers (id, supervisorID, name, languagesSpoken) VALUES ('386', '9', 'Mahala Baffin', 'amet nulla quisque arcu');
INSERT INTO volunteers (id, supervisorID, name, languagesSpoken) VALUES ('387', '15', 'Montgomery Houndsom', 'massa id nisl venenatis');
INSERT INTO volunteers (id, supervisorID, name, languagesSpoken) VALUES ('388', '45', 'Brandea Lovewell', 'libero rutrum');
INSERT INTO volunteers (id, supervisorID, name, languagesSpoken) VALUES ('389', '7', 'Torr Wrack', 'amet');
INSERT INTO volunteers (id, supervisorID, name, languagesSpoken) VALUES ('390', '47', 'Haslett Turnbull', 'ipsum primis in faucibus');
INSERT INTO volunteers (id, supervisorID, name, languagesSpoken) VALUES ('391', '48', 'Keith Swepstone', 'eget');
INSERT INTO volunteers (id, supervisorID, name, languagesSpoken) VALUES ('392', '33', 'Welch Brough', 'turpis');
INSERT INTO volunteers (id, supervisorID, name, languagesSpoken) VALUES ('393', '32', 'Ruthie Acum', 'nulla sed');
INSERT INTO volunteers (id, supervisorID, name, languagesSpoken) VALUES ('394', '12', 'Dorian Eallis', 'tempus sit amet');
INSERT INTO volunteers (id, supervisorID, name, languagesSpoken) VALUES ('395', '20', 'Thaxter Counter', 'pellentesque ultrices mattis');
INSERT INTO volunteers (id, supervisorID, name, languagesSpoken) VALUES ('396', '36', 'Oona Stegers', 'gravida sem praesent');
INSERT INTO volunteers (id, supervisorID, name, languagesSpoken) VALUES ('397', '30', 'Bradney Finley', 'imperdiet');
INSERT INTO volunteers (id, supervisorID, name, languagesSpoken) VALUES ('398', '8', 'Roselia Arndt', 'cras in purus eu');
INSERT INTO volunteers (id, supervisorID, name, languagesSpoken) VALUES ('399', '24', 'Mona Eadmead', 'libero rutrum ac lobortis');
INSERT INTO volunteers (id, supervisorID, name, languagesSpoken) VALUES ('400', '11', 'Aldon Johnston', 'pede');
INSERT INTO volunteers (id, supervisorID, name, languagesSpoken) VALUES ('401', '19', 'Emmalynn Clerc', 'in hac habitasse');
INSERT INTO volunteers (id, supervisorID, name, languagesSpoken) VALUES ('402', '18', 'Miranda Brymham', 'faucibus');
INSERT INTO volunteers (id, supervisorID, name, languagesSpoken) VALUES ('403', '49', 'Cyrus Hutchens', 'purus');
INSERT INTO volunteers (id, supervisorID, name, languagesSpoken) VALUES ('404', '32', 'Deina McVeigh', 'augue');
INSERT INTO volunteers (id, supervisorID, name, languagesSpoken) VALUES ('405', '8', 'Annelise Penright', 'mauris');
INSERT INTO volunteers (id, supervisorID, name, languagesSpoken) VALUES ('406', '22', 'Aretha Harwin', 'ac nulla sed');
INSERT INTO volunteers (id, supervisorID, name, languagesSpoken) VALUES ('407', '46', 'Cherye Gillmore', 'odio');
INSERT INTO volunteers (id, supervisorID, name, languagesSpoken) VALUES ('408', '25', 'Dacie Theze', 'vivamus metus arcu');
INSERT INTO volunteers (id, supervisorID, name, languagesSpoken) VALUES ('409', '17', 'Nevile Gilvear', 'eget');
INSERT INTO volunteers (id, supervisorID, name, languagesSpoken) VALUES ('410', '6', 'Terese Urquhart', 'imperdiet et');
INSERT INTO volunteers (id, supervisorID, name, languagesSpoken) VALUES ('411', '37', 'Darcee Howorth', 'vulputate');
INSERT INTO volunteers (id, supervisorID, name, languagesSpoken) VALUES ('412', '18', 'Nikolas Boxen', 'eget vulputate');
INSERT INTO volunteers (id, supervisorID, name, languagesSpoken) VALUES ('413', '50', 'Ephrayim Hessing', 'felis donec semper');
INSERT INTO volunteers (id, supervisorID, name, languagesSpoken) VALUES ('414', '19', 'Regina Havock', 'ac lobortis vel');
INSERT INTO volunteers (id, supervisorID, name, languagesSpoken) VALUES ('415', '42', 'Donalt Stinson', 'elementum pellentesque');
INSERT INTO volunteers (id, supervisorID, name, languagesSpoken) VALUES ('416', '3', 'Hermie Angeau', 'donec vitae nisi');
INSERT INTO volunteers (id, supervisorID, name, languagesSpoken) VALUES ('417', '49', 'Chevalier Wibberley', 'a');
INSERT INTO volunteers (id, supervisorID, name, languagesSpoken) VALUES ('418', '9', 'Norean Wontner', 'in magna');
INSERT INTO volunteers (id, supervisorID, name, languagesSpoken) VALUES ('419', '40', 'Raina Engelmann', 'amet sapien');
INSERT INTO volunteers (id, supervisorID, name, languagesSpoken) VALUES ('420', '44', 'Cornelia Fellibrand', 'in hac');
INSERT INTO volunteers (id, supervisorID, name, languagesSpoken) VALUES ('421', '5', 'Ronald O''Hogertie', 'odio');
INSERT INTO volunteers (id, supervisorID, name, languagesSpoken) VALUES ('422', '36', 'Bunni Alderton', 'mattis pulvinar');
INSERT INTO volunteers (id, supervisorID, name, languagesSpoken) VALUES ('423', '39', 'Clea Millmore', 'sit amet nulla quisque');
INSERT INTO volunteers (id, supervisorID, name, languagesSpoken) VALUES ('424', '34', 'Eolanda Batchelar', 'porta volutpat quam pede');
INSERT INTO volunteers (id, supervisorID, name, languagesSpoken) VALUES ('425', '28', 'Lusa Chable', 'sapien cum sociis');
INSERT INTO volunteers (id, supervisorID, name, languagesSpoken) VALUES ('426', '33', 'Thacher Jurries', 'vivamus');
INSERT INTO volunteers (id, supervisorID, name, languagesSpoken) VALUES ('427', '41', 'Kylynn D'' Angelo', 'nunc rhoncus dui vel');
INSERT INTO volunteers (id, supervisorID, name, languagesSpoken) VALUES ('428', '15', 'Fiann D''Ruel', 'turpis donec posuere metus');
INSERT INTO volunteers (id, supervisorID, name, languagesSpoken) VALUES ('429', '26', 'Shela Laxtonne', 'mi sit amet lobortis');
INSERT INTO volunteers (id, supervisorID, name, languagesSpoken) VALUES ('430', '4', 'Reine Stathor', 'vivamus vel');
INSERT INTO volunteers (id, supervisorID, name, languagesSpoken) VALUES ('431', '20', 'Wallace Hingeley', 'orci luctus');
INSERT INTO volunteers (id, supervisorID, name, languagesSpoken) VALUES ('432', '21', 'Sheryl Pruvost', 'tincidunt eu');
INSERT INTO volunteers (id, supervisorID, name, languagesSpoken) VALUES ('433', '31', 'Savina Ivanets', 'curae');
INSERT INTO volunteers (id, supervisorID, name, languagesSpoken) VALUES ('434', '23', 'Enrique Kernock', 'mi pede malesuada in');
INSERT INTO volunteers (id, supervisorID, name, languagesSpoken) VALUES ('435', '7', 'Ruggiero Swadlin', 'cubilia curae mauris viverra');
INSERT INTO volunteers (id, supervisorID, name, languagesSpoken) VALUES ('436', '9', 'Gavan Haster', 'ipsum');
INSERT INTO volunteers (id, supervisorID, name, languagesSpoken) VALUES ('437', '25', 'Vivi Eyckelberg', 'consectetuer adipiscing elit proin');
INSERT INTO volunteers (id, supervisorID, name, languagesSpoken) VALUES ('438', '4', 'Benni Daglish', 'velit id pretium iaculis');
INSERT INTO volunteers (id, supervisorID, name, languagesSpoken) VALUES ('439', '15', 'Nerissa McMenemy', 'lacus');
INSERT INTO volunteers (id, supervisorID, name, languagesSpoken) VALUES ('440', '18', 'Courtenay Terrill', 'lorem id');
INSERT INTO volunteers (id, supervisorID, name, languagesSpoken) VALUES ('441', '42', 'Judas Gotcliff', 'pellentesque ultrices mattis');
INSERT INTO volunteers (id, supervisorID, name, languagesSpoken) VALUES ('442', '29', 'Lilian Viccary', 'non');
INSERT INTO volunteers (id, supervisorID, name, languagesSpoken) VALUES ('443', '36', 'Austin Cready', 'dapibus augue vel accumsan');
INSERT INTO volunteers (id, supervisorID, name, languagesSpoken) VALUES ('444', '49', 'Thomasin Sliney', 'luctus rutrum nulla');
INSERT INTO volunteers (id, supervisorID, name, languagesSpoken) VALUES ('445', '31', 'Eliza Bibb', 'semper');
INSERT INTO volunteers (id, supervisorID, name, languagesSpoken) VALUES ('446', '3', 'Marchall Twiggs', 'amet sapien dignissim');
INSERT INTO volunteers (id, supervisorID, name, languagesSpoken) VALUES ('447', '43', 'Rouvin Baty', 'donec ut');
INSERT INTO volunteers (id, supervisorID, name, languagesSpoken) VALUES ('448', '50', 'Niel Dohmann', 'id');
INSERT INTO volunteers (id, supervisorID, name, languagesSpoken) VALUES ('449', '16', 'Celeste Tustin', 'mauris ullamcorper purus');
INSERT INTO volunteers (id, supervisorID, name, languagesSpoken) VALUES ('450', '10', 'Jackelyn Chataignier', 'nunc');
INSERT INTO volunteers (id, supervisorID, name, languagesSpoken) VALUES ('451', '45', 'Stephen Crisell', 'turpis');
INSERT INTO volunteers (id, supervisorID, name, languagesSpoken) VALUES ('452', '20', 'Sayre Skeemor', 'volutpat');
INSERT INTO volunteers (id, supervisorID, name, languagesSpoken) VALUES ('453', '22', 'Loreen D''Antonio', 'non velit');
INSERT INTO volunteers (id, supervisorID, name, languagesSpoken) VALUES ('454', '47', 'Mallory Yurivtsev', 'etiam justo');
INSERT INTO volunteers (id, supervisorID, name, languagesSpoken) VALUES ('455', '23', 'Nevsa Adair', 'et ultrices posuere cubilia');
INSERT INTO volunteers (id, supervisorID, name, languagesSpoken) VALUES ('456', '33', 'Tamarah Guinan', 'orci pede venenatis');
INSERT INTO volunteers (id, supervisorID, name, languagesSpoken) VALUES ('457', '17', 'Yalonda Kopacek', 'interdum venenatis');
INSERT INTO volunteers (id, supervisorID, name, languagesSpoken) VALUES ('458', '14', 'Theressa Sarge', 'luctus cum sociis');
INSERT INTO volunteers (id, supervisorID, name, languagesSpoken) VALUES ('459', '35', 'Samuel Desson', 'posuere metus');
INSERT INTO volunteers (id, supervisorID, name, languagesSpoken) VALUES ('460', '48', 'Pedro Magrannell', 'ac leo pellentesque');
INSERT INTO volunteers (id, supervisorID, name, languagesSpoken) VALUES ('461', '44', 'Christoph Bradnocke', 'non mi integer ac');
INSERT INTO volunteers (id, supervisorID, name, languagesSpoken) VALUES ('462', '11', 'Alford Grundle', 'nulla suspendisse');
INSERT INTO volunteers (id, supervisorID, name, languagesSpoken) VALUES ('463', '34', 'Cherilyn Frend', 'duis bibendum felis sed');
INSERT INTO volunteers (id, supervisorID, name, languagesSpoken) VALUES ('464', '38', 'Garrek Breeds', 'ultrices libero non');
INSERT INTO volunteers (id, supervisorID, name, languagesSpoken) VALUES ('465', '40', 'Filia Coldicott', 'nulla ut');
INSERT INTO volunteers (id, supervisorID, name, languagesSpoken) VALUES ('466', '18', 'Maurie Pohl', 'integer ac neque duis');
INSERT INTO volunteers (id, supervisorID, name, languagesSpoken) VALUES ('467', '36', 'Kyrstin MacLice', 'aliquam sit amet diam');
INSERT INTO volunteers (id, supervisorID, name, languagesSpoken) VALUES ('468', '45', 'Marshall Gumley', 'cum sociis natoque penatibus');
INSERT INTO volunteers (id, supervisorID, name, languagesSpoken) VALUES ('469', '17', 'Roseann Ambrose', 'mattis odio donec');
INSERT INTO volunteers (id, supervisorID, name, languagesSpoken) VALUES ('470', '22', 'Ilka Botright', 'semper rutrum nulla nunc');
INSERT INTO volunteers (id, supervisorID, name, languagesSpoken) VALUES ('471', '34', 'Oralla Foro', 'vulputate luctus');
INSERT INTO volunteers (id, supervisorID, name, languagesSpoken) VALUES ('472', '29', 'Lyndy Atlee', 'quam suspendisse potenti');
INSERT INTO volunteers (id, supervisorID, name, languagesSpoken) VALUES ('473', '25', 'Colline Sandifer', 'commodo');
INSERT INTO volunteers (id, supervisorID, name, languagesSpoken) VALUES ('474', '23', 'Kenn Keniwell', 'amet turpis elementum');
INSERT INTO volunteers (id, supervisorID, name, languagesSpoken) VALUES ('475', '35', 'Cordi Mary', 'justo in blandit ultrices');
INSERT INTO volunteers (id, supervisorID, name, languagesSpoken) VALUES ('476', '1', 'Bertha Littledike', 'quis');
INSERT INTO volunteers (id, supervisorID, name, languagesSpoken) VALUES ('477', '41', 'Melissa Madders', 'diam');
INSERT INTO volunteers (id, supervisorID, name, languagesSpoken) VALUES ('478', '30', 'Barby Jirus', 'porttitor id consequat');
INSERT INTO volunteers (id, supervisorID, name, languagesSpoken) VALUES ('479', '50', 'Trish Ambrogio', 'mollis');
INSERT INTO volunteers (id, supervisorID, name, languagesSpoken) VALUES ('480', '49', 'Bonny O''Luney', 'aliquet at feugiat non');
INSERT INTO volunteers (id, supervisorID, name, languagesSpoken) VALUES ('481', '9', 'Sharline Woolvin', 'vel');
INSERT INTO volunteers (id, supervisorID, name, languagesSpoken) VALUES ('482', '38', 'Jimmy Butcher', 'vitae');
INSERT INTO volunteers (id, supervisorID, name, languagesSpoken) VALUES ('483', '2', 'Morie Ludvigsen', 'sapien iaculis');
INSERT INTO volunteers (id, supervisorID, name, languagesSpoken) VALUES ('484', '43', 'Thomasa Pritty', 'lorem id ligula');
INSERT INTO volunteers (id, supervisorID, name, languagesSpoken) VALUES ('485', '44', 'Daphna Leedal', 'pede posuere nonummy');
INSERT INTO volunteers (id, supervisorID, name, languagesSpoken) VALUES ('486', '42', 'Olvan James', 'odio');
INSERT INTO volunteers (id, supervisorID, name, languagesSpoken) VALUES ('487', '37', 'Shaw Gertray', 'congue diam');
INSERT INTO volunteers (id, supervisorID, name, languagesSpoken) VALUES ('488', '12', 'Edmund Genever', 'posuere');
INSERT INTO volunteers (id, supervisorID, name, languagesSpoken) VALUES ('489', '10', 'Chan Oliva', 'semper interdum');
INSERT INTO volunteers (id, supervisorID, name, languagesSpoken) VALUES ('490', '15', 'Ninetta Geram', 'sit amet eros suspendisse');
INSERT INTO volunteers (id, supervisorID, name, languagesSpoken) VALUES ('491', '31', 'Lynda Simister', 'diam');
INSERT INTO volunteers (id, supervisorID, name, languagesSpoken) VALUES ('492', '20', 'Israel Di Bartolomeo', 'pharetra magna ac consequat');
INSERT INTO volunteers (id, supervisorID, name, languagesSpoken) VALUES ('493', '4', 'Allan Giacomi', 'velit');
INSERT INTO volunteers (id, supervisorID, name, languagesSpoken) VALUES ('494', '16', 'Abrahan Julien', 'faucibus');
INSERT INTO volunteers (id, supervisorID, name, languagesSpoken) VALUES ('495', '7', 'Sheelah Waller-Bridge', 'amet lobortis sapien');
INSERT INTO volunteers (id, supervisorID, name, languagesSpoken) VALUES ('496', '11', 'Lari Catto', 'felis ut at dolor');
INSERT INTO volunteers (id, supervisorID, name, languagesSpoken) VALUES ('497', '44', 'Norrie McConigal', 'turpis integer aliquet massa');
INSERT INTO volunteers (id, supervisorID, name, languagesSpoken) VALUES ('498', '10', 'Gerladina Ricciardo', 'mauris ullamcorper');
INSERT INTO volunteers (id, supervisorID, name, languagesSpoken) VALUES ('499', '31', 'Dorree Brickell', 'ac');
INSERT INTO volunteers (id, supervisorID, name, languagesSpoken) VALUES ('500', '27', 'Shaine Ellams', 'justo');
INSERT INTO volunteers (id, supervisorID, name, languagesSpoken) VALUES ('501', '20', 'Fransisco Peat', 'sed tristique in tempus');
INSERT INTO volunteers (id, supervisorID, name, languagesSpoken) VALUES ('502', '14', 'Marika Marr', 'ultrices enim lorem ipsum');
INSERT INTO volunteers (id, supervisorID, name, languagesSpoken) VALUES ('503', '8', 'Barri Lared', 'aliquet at feugiat');
INSERT INTO volunteers (id, supervisorID, name, languagesSpoken) VALUES ('504', '13', 'Vernor Wiles', 'fusce');
INSERT INTO volunteers (id, supervisorID, name, languagesSpoken) VALUES ('505', '35', 'Eal Dankersley', 'felis fusce posuere felis');
INSERT INTO volunteers (id, supervisorID, name, languagesSpoken) VALUES ('506', '39', 'Randi Iggalden', 'curabitur');
INSERT INTO volunteers (id, supervisorID, name, languagesSpoken) VALUES ('507', '12', 'Theodora Long', 'blandit ultrices');
INSERT INTO volunteers (id, supervisorID, name, languagesSpoken) VALUES ('508', '29', 'Albrecht Ioannou', 'pede venenatis non sodales');
INSERT INTO volunteers (id, supervisorID, name, languagesSpoken) VALUES ('509', '41', 'Charlean Tocqueville', 'duis');
INSERT INTO volunteers (id, supervisorID, name, languagesSpoken) VALUES ('510', '21', 'Loise Relton', 'vestibulum ante');
INSERT INTO volunteers (id, supervisorID, name, languagesSpoken) VALUES ('511', '19', 'Cari Dreini', 'primis in faucibus');
INSERT INTO volunteers (id, supervisorID, name, languagesSpoken) VALUES ('512', '40', 'Arden Stidston', 'eget eros elementum');
INSERT INTO volunteers (id, supervisorID, name, languagesSpoken) VALUES ('513', '36', 'Brunhilda Tubb', 'dui luctus rutrum nulla');
INSERT INTO volunteers (id, supervisorID, name, languagesSpoken) VALUES ('514', '32', 'Andee Greep', 'neque vestibulum eget');
INSERT INTO volunteers (id, supervisorID, name, languagesSpoken) VALUES ('515', '11', 'Bari Iorizzi', 'quisque id justo sit');
INSERT INTO volunteers (id, supervisorID, name, languagesSpoken) VALUES ('516', '46', 'Adrianna MacCaghan', 'cum sociis natoque penatibus');
INSERT INTO volunteers (id, supervisorID, name, languagesSpoken) VALUES ('517', '3', 'Yoshi Adenot', 'ac leo pellentesque');
INSERT INTO volunteers (id, supervisorID, name, languagesSpoken) VALUES ('518', '23', 'Berton Nethercott', 'orci pede');
INSERT INTO volunteers (id, supervisorID, name, languagesSpoken) VALUES ('519', '33', 'Cathe Newbery', 'fermentum justo nec condimentum');
INSERT INTO volunteers (id, supervisorID, name, languagesSpoken) VALUES ('520', '50', 'King Betun', 'pretium quis lectus');
INSERT INTO volunteers (id, supervisorID, name, languagesSpoken) VALUES ('521', '1', 'Tybalt Guillerman', 'et ultrices posuere');
INSERT INTO volunteers (id, supervisorID, name, languagesSpoken) VALUES ('522', '9', 'Lydia Cayzer', 'lacinia');
INSERT INTO volunteers (id, supervisorID, name, languagesSpoken) VALUES ('523', '37', 'Yetty Gabites', 'dapibus augue vel');
INSERT INTO volunteers (id, supervisorID, name, languagesSpoken) VALUES ('524', '6', 'Agnes Sleeford', 'donec');
INSERT INTO volunteers (id, supervisorID, name, languagesSpoken) VALUES ('525', '43', 'Godart Buckston', 'sit amet');
INSERT INTO volunteers (id, supervisorID, name, languagesSpoken) VALUES ('526', '5', 'Mellisa Mattingson', 'lacinia erat vestibulum');
INSERT INTO volunteers (id, supervisorID, name, languagesSpoken) VALUES ('527', '38', 'Uri Camili', 'eu massa donec');
INSERT INTO volunteers (id, supervisorID, name, languagesSpoken) VALUES ('528', '48', 'Conrade Constantine', 'at nulla suspendisse');
INSERT INTO volunteers (id, supervisorID, name, languagesSpoken) VALUES ('529', '13', 'Emmit McKeever', 'nulla nisl nunc nisl');
INSERT INTO volunteers (id, supervisorID, name, languagesSpoken) VALUES ('530', '4', 'Jodi Honeywood', 'cubilia curae');
INSERT INTO volunteers (id, supervisorID, name, languagesSpoken) VALUES ('531', '50', 'Nichole Boow', 'vel accumsan tellus nisi');
INSERT INTO volunteers (id, supervisorID, name, languagesSpoken) VALUES ('532', '43', 'Rodger Moggan', 'nunc rhoncus');
INSERT INTO volunteers (id, supervisorID, name, languagesSpoken) VALUES ('533', '30', 'Veradis Shrubb', 'porta volutpat quam');
INSERT INTO volunteers (id, supervisorID, name, languagesSpoken) VALUES ('534', '40', 'Gardner Chataignier', 'mauris laoreet ut rhoncus');
INSERT INTO volunteers (id, supervisorID, name, languagesSpoken) VALUES ('535', '15', 'Nelia Lodford', 'in leo maecenas');
INSERT INTO volunteers (id, supervisorID, name, languagesSpoken) VALUES ('536', '25', 'Gisella Alkin', 'nulla mollis');
INSERT INTO volunteers (id, supervisorID, name, languagesSpoken) VALUES ('537', '20', 'Anne-corinne Barmadier', 'eget tincidunt eget tempus');
INSERT INTO volunteers (id, supervisorID, name, languagesSpoken) VALUES ('538', '5', 'Thom Kuna', 'sollicitudin');
INSERT INTO volunteers (id, supervisorID, name, languagesSpoken) VALUES ('539', '10', 'Stevie Jersch', 'vulputate elementum');
INSERT INTO volunteers (id, supervisorID, name, languagesSpoken) VALUES ('540', '42', 'Gayler Stretton', 'in eleifend quam a');
INSERT INTO volunteers (id, supervisorID, name, languagesSpoken) VALUES ('541', '28', 'Luelle McShirrie', 'in faucibus orci luctus');
INSERT INTO volunteers (id, supervisorID, name, languagesSpoken) VALUES ('542', '17', 'Lesley Minchenton', 'nascetur ridiculus mus');
INSERT INTO volunteers (id, supervisorID, name, languagesSpoken) VALUES ('543', '27', 'Alan Leglise', 'at nunc commodo placerat');
INSERT INTO volunteers (id, supervisorID, name, languagesSpoken) VALUES ('544', '6', 'Collete Vamplers', 'at nunc');
INSERT INTO volunteers (id, supervisorID, name, languagesSpoken) VALUES ('545', '49', 'Korry Thomesson', 'nullam');
INSERT INTO volunteers (id, supervisorID, name, languagesSpoken) VALUES ('546', '18', 'Horatius Cathesyed', 'lectus in est');
INSERT INTO volunteers (id, supervisorID, name, languagesSpoken) VALUES ('547', '26', 'Antonietta Koomar', 'consequat varius integer');
INSERT INTO volunteers (id, supervisorID, name, languagesSpoken) VALUES ('548', '19', 'Kele Mapstone', 'dui luctus rutrum');
INSERT INTO volunteers (id, supervisorID, name, languagesSpoken) VALUES ('549', '36', 'Charmain Chettle', 'quam a odio in');
INSERT INTO volunteers (id, supervisorID, name, languagesSpoken) VALUES ('550', '41', 'Maud Grieves', 'aliquet massa id lobortis');
INSERT INTO volunteers (id, supervisorID, name, languagesSpoken) VALUES ('551', '34', 'Hailee Hellier', 'condimentum curabitur in');
INSERT INTO volunteers (id, supervisorID, name, languagesSpoken) VALUES ('552', '32', 'Silvio Kime', 'ut odio cras mi');
INSERT INTO volunteers (id, supervisorID, name, languagesSpoken) VALUES ('553', '35', 'Hervey Rumgay', 'metus');
INSERT INTO volunteers (id, supervisorID, name, languagesSpoken) VALUES ('554', '24', 'Clarine Dicey', 'luctus rutrum nulla');
INSERT INTO volunteers (id, supervisorID, name, languagesSpoken) VALUES ('555', '44', 'Winny Conti', 'mauris vulputate');
INSERT INTO volunteers (id, supervisorID, name, languagesSpoken) VALUES ('556', '46', 'Elvira O''Hartnedy', 'nisi nam ultrices libero');
INSERT INTO volunteers (id, supervisorID, name, languagesSpoken) VALUES ('557', '7', 'Horatia Lawley', 'sed nisl nunc rhoncus');
INSERT INTO volunteers (id, supervisorID, name, languagesSpoken) VALUES ('558', '47', 'Davidson Wrout', 'id nisl venenatis lacinia');
INSERT INTO volunteers (id, supervisorID, name, languagesSpoken) VALUES ('559', '45', 'Joey Grimm', 'ultrices posuere cubilia curae');
INSERT INTO volunteers (id, supervisorID, name, languagesSpoken) VALUES ('560', '48', 'Merl Kingman', 'nulla dapibus');
INSERT INTO volunteers (id, supervisorID, name, languagesSpoken) VALUES ('561', '50', 'Mayor Kettle', 'nec dui luctus');
INSERT INTO volunteers (id, supervisorID, name, languagesSpoken) VALUES ('562', '15', 'Albina Haliburn', 'elementum nullam varius');
INSERT INTO volunteers (id, supervisorID, name, languagesSpoken) VALUES ('563', '26', 'Diego Barnard', 'velit vivamus vel');
INSERT INTO volunteers (id, supervisorID, name, languagesSpoken) VALUES ('564', '12', 'Marieann Skull', 'amet');
INSERT INTO volunteers (id, supervisorID, name, languagesSpoken) VALUES ('565', '40', 'Kimmie Schult', 'amet nunc viverra');
INSERT INTO volunteers (id, supervisorID, name, languagesSpoken) VALUES ('566', '47', 'Silvie MacFadzean', 'libero convallis eget');
INSERT INTO volunteers (id, supervisorID, name, languagesSpoken) VALUES ('567', '27', 'Marlo Garside', 'eget nunc donec quis');
INSERT INTO volunteers (id, supervisorID, name, languagesSpoken) VALUES ('568', '42', 'Verla Slisby', 'tincidunt eget tempus');
INSERT INTO volunteers (id, supervisorID, name, languagesSpoken) VALUES ('569', '44', 'Marcellus Rowsell', 'sit amet');
INSERT INTO volunteers (id, supervisorID, name, languagesSpoken) VALUES ('570', '37', 'Viv Pickup', 'turpis enim');
INSERT INTO volunteers (id, supervisorID, name, languagesSpoken) VALUES ('571', '5', 'Ailina Semper', 'aliquet');
INSERT INTO volunteers (id, supervisorID, name, languagesSpoken) VALUES ('572', '20', 'Paulie Jedraszczyk', 'feugiat non pretium quis');
INSERT INTO volunteers (id, supervisorID, name, languagesSpoken) VALUES ('573', '9', 'Odette Boyd', 'montes nascetur ridiculus');
INSERT INTO volunteers (id, supervisorID, name, languagesSpoken) VALUES ('574', '17', 'Maje Corten', 'sed accumsan felis');
INSERT INTO volunteers (id, supervisorID, name, languagesSpoken) VALUES ('575', '7', 'Kristine Charles', 'diam nam');
INSERT INTO volunteers (id, supervisorID, name, languagesSpoken) VALUES ('576', '13', 'Leon Filkov', 'semper porta');
INSERT INTO volunteers (id, supervisorID, name, languagesSpoken) VALUES ('577', '16', 'Malina Fedder', 'adipiscing elit proin interdum');
INSERT INTO volunteers (id, supervisorID, name, languagesSpoken) VALUES ('578', '22', 'Matias Mordacai', 'convallis tortor risus dapibus');
INSERT INTO volunteers (id, supervisorID, name, languagesSpoken) VALUES ('579', '10', 'Brett Totterdill', 'sollicitudin');
INSERT INTO volunteers (id, supervisorID, name, languagesSpoken) VALUES ('580', '25', 'Margret Aireton', 'nec nisi volutpat');
INSERT INTO volunteers (id, supervisorID, name, languagesSpoken) VALUES ('581', '4', 'Isacco Patten', 'at velit vivamus');
INSERT INTO volunteers (id, supervisorID, name, languagesSpoken) VALUES ('582', '23', 'Quincey Pawelke', 'et magnis dis parturient');
INSERT INTO volunteers (id, supervisorID, name, languagesSpoken) VALUES ('583', '24', 'Fransisco Ellerton', 'aenean auctor gravida sem');
INSERT INTO volunteers (id, supervisorID, name, languagesSpoken) VALUES ('584', '36', 'Vincent Gosdin', 'gravida');
INSERT INTO volunteers (id, supervisorID, name, languagesSpoken) VALUES ('585', '39', 'Alva Hirjak', 'placerat praesent blandit');
INSERT INTO volunteers (id, supervisorID, name, languagesSpoken) VALUES ('586', '33', 'Kay Fish', 'porttitor lacus');
INSERT INTO volunteers (id, supervisorID, name, languagesSpoken) VALUES ('587', '46', 'Daisy Mathan', 'faucibus orci luctus et');
INSERT INTO volunteers (id, supervisorID, name, languagesSpoken) VALUES ('588', '2', 'Garrik Edens', 'interdum in ante vestibulum');
INSERT INTO volunteers (id, supervisorID, name, languagesSpoken) VALUES ('589', '18', 'Zenia Krout', 'quisque ut');
INSERT INTO volunteers (id, supervisorID, name, languagesSpoken) VALUES ('590', '37', 'Georgena Howells', 'proin interdum');
INSERT INTO volunteers (id, supervisorID, name, languagesSpoken) VALUES ('591', '45', 'Ragnar Nix', 'accumsan odio curabitur');
INSERT INTO volunteers (id, supervisorID, name, languagesSpoken) VALUES ('592', '47', 'Noak Drance', 'odio justo sollicitudin ut');
INSERT INTO volunteers (id, supervisorID, name, languagesSpoken) VALUES ('593', '28', 'Georas Vogt', 'felis ut at');
INSERT INTO volunteers (id, supervisorID, name, languagesSpoken) VALUES ('594', '42', 'Thatch Di Nisco', 'turpis a pede posuere');
INSERT INTO volunteers (id, supervisorID, name, languagesSpoken) VALUES ('595', '21', 'Coleman Mandrake', 'donec diam neque vestibulum');
INSERT INTO volunteers (id, supervisorID, name, languagesSpoken) VALUES ('596', '13', 'Rudolfo Kobiera', 'natoque penatibus');
INSERT INTO volunteers (id, supervisorID, name, languagesSpoken) VALUES ('597', '46', 'Dorella Longlands', 'penatibus');
INSERT INTO volunteers (id, supervisorID, name, languagesSpoken) VALUES ('598', '25', 'Nick Malafe', 'vitae mattis nibh');
INSERT INTO volunteers (id, supervisorID, name, languagesSpoken) VALUES ('599', '5', 'Izzy Grassi', 'nisl duis bibendum felis');
INSERT INTO volunteers (id, supervisorID, name, languagesSpoken) VALUES ('600', '24', 'Danica Livzey', 'cubilia curae');
INSERT INTO volunteers (id, supervisorID, name, languagesSpoken) VALUES ('601', '50', 'Nevile Lackington', 'eros suspendisse accumsan tortor');
INSERT INTO volunteers (id, supervisorID, name, languagesSpoken) VALUES ('602', '14', 'Aura Brunker', 'nulla eget eros elementum');
INSERT INTO volunteers (id, supervisorID, name, languagesSpoken) VALUES ('603', '12', 'Corey Drackford', 'ultrices phasellus id');
INSERT INTO volunteers (id, supervisorID, name, languagesSpoken) VALUES ('604', '27', 'Derron Abrams', 'non');
INSERT INTO volunteers (id, supervisorID, name, languagesSpoken) VALUES ('605', '3', 'Adriana Hans', 'integer');
INSERT INTO volunteers (id, supervisorID, name, languagesSpoken) VALUES ('606', '39', 'Napoleon Minillo', 'interdum eu');
INSERT INTO volunteers (id, supervisorID, name, languagesSpoken) VALUES ('607', '15', 'Meggy Chipping', 'massa donec');
INSERT INTO volunteers (id, supervisorID, name, languagesSpoken) VALUES ('608', '44', 'Jerome Reddlesden', 'leo maecenas pulvinar lobortis');
INSERT INTO volunteers (id, supervisorID, name, languagesSpoken) VALUES ('609', '41', 'Sheilah Szwandt', 'id');
INSERT INTO volunteers (id, supervisorID, name, languagesSpoken) VALUES ('610', '8', 'Sherman Cadd', 'hac');
INSERT INTO volunteers (id, supervisorID, name, languagesSpoken) VALUES ('611', '16', 'Alla Raigatt', 'in');
INSERT INTO volunteers (id, supervisorID, name, languagesSpoken) VALUES ('612', '18', 'Adara Writer', 'lectus pellentesque at');
INSERT INTO volunteers (id, supervisorID, name, languagesSpoken) VALUES ('613', '22', 'Guenevere Campelli', 'montes nascetur ridiculus mus');
INSERT INTO volunteers (id, supervisorID, name, languagesSpoken) VALUES ('614', '11', 'Base Prophet', 'donec pharetra');
INSERT INTO volunteers (id, supervisorID, name, languagesSpoken) VALUES ('615', '7', 'Sashenka Caldera', 'lacus');
INSERT INTO volunteers (id, supervisorID, name, languagesSpoken) VALUES ('616', '35', 'Alisha Jouhning', 'eu nibh quisque id');
INSERT INTO volunteers (id, supervisorID, name, languagesSpoken) VALUES ('617', '38', 'Nickolas Beviss', 'ut blandit non');
INSERT INTO volunteers (id, supervisorID, name, languagesSpoken) VALUES ('618', '10', 'Horst Batham', 'lorem id ligula suspendisse');
INSERT INTO volunteers (id, supervisorID, name, languagesSpoken) VALUES ('619', '43', 'Tadeas Chasson', 'vitae consectetuer eget rutrum');
INSERT INTO volunteers (id, supervisorID, name, languagesSpoken) VALUES ('620', '36', 'Piggy Sharples', 'sapien');
INSERT INTO volunteers (id, supervisorID, name, languagesSpoken) VALUES ('621', '24', 'Matt Collaton', 'enim blandit mi in');
INSERT INTO volunteers (id, supervisorID, name, languagesSpoken) VALUES ('622', '7', 'Gaylord Ludwig', 'purus');
INSERT INTO volunteers (id, supervisorID, name, languagesSpoken) VALUES ('623', '47', 'Kerr Cuphus', 'ante nulla justo aliquam');
INSERT INTO volunteers (id, supervisorID, name, languagesSpoken) VALUES ('624', '44', 'Daveen Echalier', 'vehicula condimentum');
INSERT INTO volunteers (id, supervisorID, name, languagesSpoken) VALUES ('625', '3', 'Eleanore Tunney', 'nec molestie');
INSERT INTO volunteers (id, supervisorID, name, languagesSpoken) VALUES ('626', '16', 'Brenden Gleder', 'etiam');
INSERT INTO volunteers (id, supervisorID, name, languagesSpoken) VALUES ('627', '17', 'Vivian Butterley', 'et');
INSERT INTO volunteers (id, supervisorID, name, languagesSpoken) VALUES ('628', '46', 'Ellene Yair', 'arcu sed augue');
INSERT INTO volunteers (id, supervisorID, name, languagesSpoken) VALUES ('629', '49', 'Staffard Ferrey', 'integer ac');
INSERT INTO volunteers (id, supervisorID, name, languagesSpoken) VALUES ('630', '1', 'Aube Baumford', 'dui luctus rutrum');
INSERT INTO volunteers (id, supervisorID, name, languagesSpoken) VALUES ('631', '29', 'Arie Pordal', 'arcu adipiscing molestie hendrerit');
INSERT INTO volunteers (id, supervisorID, name, languagesSpoken) VALUES ('632', '41', 'Darya Lettington', 'ultrices');
INSERT INTO volunteers (id, supervisorID, name, languagesSpoken) VALUES ('633', '45', 'Nerta Portwaine', 'sapien varius ut blandit');
INSERT INTO volunteers (id, supervisorID, name, languagesSpoken) VALUES ('634', '22', 'Giuseppe Manhood', 'curabitur convallis');
INSERT INTO volunteers (id, supervisorID, name, languagesSpoken) VALUES ('635', '31', 'Bethanne Tonks', 'libero nullam');
INSERT INTO volunteers (id, supervisorID, name, languagesSpoken) VALUES ('636', '33', 'Dwight Ridewood', 'suscipit ligula');
INSERT INTO volunteers (id, supervisorID, name, languagesSpoken) VALUES ('637', '28', 'Jobey Moller', 'magna');
INSERT INTO volunteers (id, supervisorID, name, languagesSpoken) VALUES ('638', '37', 'Stormi Troillet', 'eu magna vulputate luctus');
INSERT INTO volunteers (id, supervisorID, name, languagesSpoken) VALUES ('639', '38', 'Lurleen Milverton', 'in');
INSERT INTO volunteers (id, supervisorID, name, languagesSpoken) VALUES ('640', '14', 'Anjanette Spurden', 'ligula pellentesque ultrices');
INSERT INTO volunteers (id, supervisorID, name, languagesSpoken) VALUES ('641', '32', 'Lyn O''Hagerty', 'duis');
INSERT INTO volunteers (id, supervisorID, name, languagesSpoken) VALUES ('642', '42', 'Kalindi Landrieu', 'aenean lectus pellentesque eget');
INSERT INTO volunteers (id, supervisorID, name, languagesSpoken) VALUES ('643', '13', 'Fionna Adderley', 'platea dictumst');
INSERT INTO volunteers (id, supervisorID, name, languagesSpoken) VALUES ('644', '6', 'Selia Gilli', 'convallis duis');
INSERT INTO volunteers (id, supervisorID, name, languagesSpoken) VALUES ('645', '40', 'Billye Lunney', 'dolor sit amet consectetuer');
INSERT INTO volunteers (id, supervisorID, name, languagesSpoken) VALUES ('646', '11', 'Morton Kitney', 'pede venenatis');
INSERT INTO volunteers (id, supervisorID, name, languagesSpoken) VALUES ('647', '4', 'Brooke Denyukin', 'ut massa quis augue');
INSERT INTO volunteers (id, supervisorID, name, languagesSpoken) VALUES ('648', '50', 'Shep Drake', 'potenti cras');
INSERT INTO volunteers (id, supervisorID, name, languagesSpoken) VALUES ('649', '35', 'Carol-jean Salan', 'tellus nisi eu');
INSERT INTO volunteers (id, supervisorID, name, languagesSpoken) VALUES ('650', '26', 'Blinnie Dyott', 'in');
INSERT INTO volunteers (id, supervisorID, name, languagesSpoken) VALUES ('651', '43', 'Myrtia Yakob', 'imperdiet nullam');
INSERT INTO volunteers (id, supervisorID, name, languagesSpoken) VALUES ('652', '47', 'Craggy Fincken', 'nonummy maecenas tincidunt');
INSERT INTO volunteers (id, supervisorID, name, languagesSpoken) VALUES ('653', '26', 'Constancia Extal', 'diam erat');
INSERT INTO volunteers (id, supervisorID, name, languagesSpoken) VALUES ('654', '10', 'Erv Raggles', 'in hac habitasse');
INSERT INTO volunteers (id, supervisorID, name, languagesSpoken) VALUES ('655', '36', 'Alejandro Scrauniage', 'libero convallis');
INSERT INTO volunteers (id, supervisorID, name, languagesSpoken) VALUES ('656', '30', 'Shalna Kumar', 'morbi porttitor lorem');
INSERT INTO volunteers (id, supervisorID, name, languagesSpoken) VALUES ('657', '3', 'Lizette Jeskins', 'non mattis pulvinar');
INSERT INTO volunteers (id, supervisorID, name, languagesSpoken) VALUES ('658', '2', 'Mohammed Gilford', 'leo');
INSERT INTO volunteers (id, supervisorID, name, languagesSpoken) VALUES ('659', '11', 'Neille Pendlenton', 'quisque erat');
INSERT INTO volunteers (id, supervisorID, name, languagesSpoken) VALUES ('660', '38', 'Giustina Averall', 'blandit');
INSERT INTO volunteers (id, supervisorID, name, languagesSpoken) VALUES ('661', '23', 'Conrade Januszewski', 'condimentum curabitur in libero');
INSERT INTO volunteers (id, supervisorID, name, languagesSpoken) VALUES ('662', '50', 'Malanie Deex', 'dapibus');
INSERT INTO volunteers (id, supervisorID, name, languagesSpoken) VALUES ('663', '32', 'Whit Heisler', 'nonummy maecenas');
INSERT INTO volunteers (id, supervisorID, name, languagesSpoken) VALUES ('664', '4', 'Cyril Kingstne', 'justo aliquam');
INSERT INTO volunteers (id, supervisorID, name, languagesSpoken) VALUES ('665', '7', 'Rosalyn Nore', 'fusce consequat');
INSERT INTO volunteers (id, supervisorID, name, languagesSpoken) VALUES ('666', '39', 'Rani Connachan', 'ultrices aliquet maecenas');
INSERT INTO volunteers (id, supervisorID, name, languagesSpoken) VALUES ('667', '8', 'Jared Loomis', 'blandit');
INSERT INTO volunteers (id, supervisorID, name, languagesSpoken) VALUES ('668', '40', 'Neysa Rowth', 'pellentesque ultrices mattis odio');
INSERT INTO volunteers (id, supervisorID, name, languagesSpoken) VALUES ('669', '17', 'Darcy Lacheze', 'pulvinar nulla');
INSERT INTO volunteers (id, supervisorID, name, languagesSpoken) VALUES ('670', '19', 'Chevy Keetch', 'eget semper rutrum');
INSERT INTO volunteers (id, supervisorID, name, languagesSpoken) VALUES ('671', '13', 'Charmian Ledbetter', 'vestibulum sed magna');
INSERT INTO volunteers (id, supervisorID, name, languagesSpoken) VALUES ('672', '49', 'Paul Gostridge', 'duis mattis egestas metus');
INSERT INTO volunteers (id, supervisorID, name, languagesSpoken) VALUES ('673', '41', 'Corabella Gilkison', 'vulputate elementum');
INSERT INTO volunteers (id, supervisorID, name, languagesSpoken) VALUES ('674', '31', 'Reiko Laxton', 'viverra diam');
INSERT INTO volunteers (id, supervisorID, name, languagesSpoken) VALUES ('675', '48', 'Effie Attenborough', 'accumsan');
INSERT INTO volunteers (id, supervisorID, name, languagesSpoken) VALUES ('676', '44', 'Belinda Peddel', 'nisl nunc nisl duis');
INSERT INTO volunteers (id, supervisorID, name, languagesSpoken) VALUES ('677', '43', 'Serena Pikett', 'erat fermentum justo nec');
INSERT INTO volunteers (id, supervisorID, name, languagesSpoken) VALUES ('678', '45', 'Violante Puve', 'pulvinar sed nisl');
INSERT INTO volunteers (id, supervisorID, name, languagesSpoken) VALUES ('679', '42', 'Stacee Antrag', 'non velit nec nisi');
INSERT INTO volunteers (id, supervisorID, name, languagesSpoken) VALUES ('680', '34', 'Moore Casely', 'urna ut tellus nulla');
INSERT INTO volunteers (id, supervisorID, name, languagesSpoken) VALUES ('681', '24', 'Carlen Lambricht', 'donec posuere metus');
INSERT INTO volunteers (id, supervisorID, name, languagesSpoken) VALUES ('682', '20', 'Tobe Sonner', 'neque aenean auctor gravida');
INSERT INTO volunteers (id, supervisorID, name, languagesSpoken) VALUES ('683', '28', 'Saudra Piquard', 'ac est lacinia');
INSERT INTO volunteers (id, supervisorID, name, languagesSpoken) VALUES ('684', '27', 'Joelynn Haddacks', 'amet erat');
INSERT INTO volunteers (id, supervisorID, name, languagesSpoken) VALUES ('685', '2', 'Sondra Malyj', 'velit');
INSERT INTO volunteers (id, supervisorID, name, languagesSpoken) VALUES ('686', '5', 'Rickard More', 'pede lobortis');
INSERT INTO volunteers (id, supervisorID, name, languagesSpoken) VALUES ('687', '43', 'Corty Gambles', 'est lacinia nisi venenatis');
INSERT INTO volunteers (id, supervisorID, name, languagesSpoken) VALUES ('688', '13', 'Hazel Godon', 'luctus cum sociis natoque');
INSERT INTO volunteers (id, supervisorID, name, languagesSpoken) VALUES ('689', '17', 'Nonah Margaret', 'mi integer ac');
INSERT INTO volunteers (id, supervisorID, name, languagesSpoken) VALUES ('690', '12', 'Ameline Bernardt', 'luctus et ultrices');
INSERT INTO volunteers (id, supervisorID, name, languagesSpoken) VALUES ('691', '10', 'Bartholomeo Pieper', 'at nibh in hac');
INSERT INTO volunteers (id, supervisorID, name, languagesSpoken) VALUES ('692', '36', 'Keslie Simmonett', 'in');
INSERT INTO volunteers (id, supervisorID, name, languagesSpoken) VALUES ('693', '48', 'Marji Cooch', 'maecenas leo');
INSERT INTO volunteers (id, supervisorID, name, languagesSpoken) VALUES ('694', '35', 'Loy Oscroft', 'pharetra magna ac');
INSERT INTO volunteers (id, supervisorID, name, languagesSpoken) VALUES ('695', '16', 'Bridget Brunet', 'orci');
INSERT INTO volunteers (id, supervisorID, name, languagesSpoken) VALUES ('696', '29', 'Bride Geikie', 'pellentesque ultrices mattis odio');
INSERT INTO volunteers (id, supervisorID, name, languagesSpoken) VALUES ('697', '30', 'Ingra Digby', 'aenean sit amet justo');
INSERT INTO volunteers (id, supervisorID, name, languagesSpoken) VALUES ('698', '8', 'Theodor Ayer', 'amet consectetuer adipiscing elit');
INSERT INTO volunteers (id, supervisorID, name, languagesSpoken) VALUES ('699', '39', 'Devan Oleszcuk', 'quisque arcu libero rutrum');
INSERT INTO volunteers (id, supervisorID, name, languagesSpoken) VALUES ('700', '3', 'Essie Hannen', 'ultrices');
INSERT INTO volunteers (id, supervisorID, name, languagesSpoken) VALUES ('701', '37', 'Kylen Ethridge', 'vestibulum rutrum');
INSERT INTO volunteers (id, supervisorID, name, languagesSpoken) VALUES ('702', '15', 'Maximilianus Sewards', 'pede libero quis');
INSERT INTO volunteers (id, supervisorID, name, languagesSpoken) VALUES ('703', '21', 'Minor Niave', 'libero');
INSERT INTO volunteers (id, supervisorID, name, languagesSpoken) VALUES ('704', '25', 'Elise Novotni', 'nunc');
INSERT INTO volunteers (id, supervisorID, name, languagesSpoken) VALUES ('705', '49', 'Sande Bedo', 'magnis dis parturient montes');
INSERT INTO volunteers (id, supervisorID, name, languagesSpoken) VALUES ('706', '9', 'Gisele Cuerdale', 'eu felis');
INSERT INTO volunteers (id, supervisorID, name, languagesSpoken) VALUES ('707', '44', 'Alena Thornborrow', 'sed ante vivamus');
INSERT INTO volunteers (id, supervisorID, name, languagesSpoken) VALUES ('708', '26', 'Khalil Mellish', 'sed ante vivamus tortor');
INSERT INTO volunteers (id, supervisorID, name, languagesSpoken) VALUES ('709', '41', 'Allianora Cullingford', 'nunc nisl duis');
INSERT INTO volunteers (id, supervisorID, name, languagesSpoken) VALUES ('710', '6', 'Corny Fidelli', 'cursus urna ut');
INSERT INTO volunteers (id, supervisorID, name, languagesSpoken) VALUES ('711', '34', 'Justina Veelers', 'neque aenean');
INSERT INTO volunteers (id, supervisorID, name, languagesSpoken) VALUES ('712', '22', 'Vonnie Showering', 'rutrum nulla tellus in');
INSERT INTO volunteers (id, supervisorID, name, languagesSpoken) VALUES ('713', '38', 'Margaret Goymer', 'pulvinar sed nisl nunc');
INSERT INTO volunteers (id, supervisorID, name, languagesSpoken) VALUES ('714', '18', 'Richard Epinoy', 'lectus');
INSERT INTO volunteers (id, supervisorID, name, languagesSpoken) VALUES ('715', '19', 'Loutitia Fehely', 'curae donec');
INSERT INTO volunteers (id, supervisorID, name, languagesSpoken) VALUES ('716', '14', 'Sutton Isworth', 'in tempus sit amet');
INSERT INTO volunteers (id, supervisorID, name, languagesSpoken) VALUES ('717', '45', 'Jacquette Gill', 'cubilia curae duis');
INSERT INTO volunteers (id, supervisorID, name, languagesSpoken) VALUES ('718', '25', 'Michaeline Ingold', 'sed');
INSERT INTO volunteers (id, supervisorID, name, languagesSpoken) VALUES ('719', '1', 'Allison Kneesha', 'tincidunt eu felis fusce');
INSERT INTO volunteers (id, supervisorID, name, languagesSpoken) VALUES ('720', '29', 'Ingar Habbeshaw', 'quam sollicitudin vitae consectetuer');
INSERT INTO volunteers (id, supervisorID, name, languagesSpoken) VALUES ('721', '7', 'Sharon Goodred', 'volutpat erat quisque erat');
INSERT INTO volunteers (id, supervisorID, name, languagesSpoken) VALUES ('722', '47', 'Mariana Borel', 'ut massa volutpat');
INSERT INTO volunteers (id, supervisorID, name, languagesSpoken) VALUES ('723', '50', 'Alair Cabrer', 'congue diam');
INSERT INTO volunteers (id, supervisorID, name, languagesSpoken) VALUES ('724', '33', 'Rollie Ethington', 'fermentum donec');
INSERT INTO volunteers (id, supervisorID, name, languagesSpoken) VALUES ('725', '8', 'Sashenka Gravenell', 'laoreet ut');
INSERT INTO volunteers (id, supervisorID, name, languagesSpoken) VALUES ('726', '28', 'Gregorius Lago', 'sem');
INSERT INTO volunteers (id, supervisorID, name, languagesSpoken) VALUES ('727', '17', 'Doralia Kendred', 'quis justo');
INSERT INTO volunteers (id, supervisorID, name, languagesSpoken) VALUES ('728', '3', 'Webb Bissill', 'praesent blandit nam');
INSERT INTO volunteers (id, supervisorID, name, languagesSpoken) VALUES ('729', '40', 'Roth Di Dello', 'integer ac');
INSERT INTO volunteers (id, supervisorID, name, languagesSpoken) VALUES ('730', '46', 'Harcourt Drewery', 'nec sem duis');
INSERT INTO volunteers (id, supervisorID, name, languagesSpoken) VALUES ('731', '16', 'Hermon Amsberger', 'justo in');
INSERT INTO volunteers (id, supervisorID, name, languagesSpoken) VALUES ('732', '35', 'Diahann Kelshaw', 'felis');
INSERT INTO volunteers (id, supervisorID, name, languagesSpoken) VALUES ('733', '24', 'Eli Lauderdale', 'proin');
INSERT INTO volunteers (id, supervisorID, name, languagesSpoken) VALUES ('734', '4', 'Boigie Huyche', 'nisi at');
INSERT INTO volunteers (id, supervisorID, name, languagesSpoken) VALUES ('735', '38', 'Randy Beadles', 'orci');
INSERT INTO volunteers (id, supervisorID, name, languagesSpoken) VALUES ('736', '11', 'Davidde Passler', 'non');
INSERT INTO volunteers (id, supervisorID, name, languagesSpoken) VALUES ('737', '34', 'Ingra Gunthorp', 'duis faucibus');
INSERT INTO volunteers (id, supervisorID, name, languagesSpoken) VALUES ('738', '15', 'Vale Megarry', 'in quis');
INSERT INTO volunteers (id, supervisorID, name, languagesSpoken) VALUES ('739', '36', 'Dolley Boig', 'urna ut');
INSERT INTO volunteers (id, supervisorID, name, languagesSpoken) VALUES ('740', '41', 'Homerus McKinie', 'etiam faucibus');
INSERT INTO volunteers (id, supervisorID, name, languagesSpoken) VALUES ('741', '31', 'Justino Ibel', 'felis sed interdum venenatis');
INSERT INTO volunteers (id, supervisorID, name, languagesSpoken) VALUES ('742', '5', 'Sarena Isham', 'sapien sapien');
INSERT INTO volunteers (id, supervisorID, name, languagesSpoken) VALUES ('743', '12', 'Joyann Jales', 'pretium iaculis');
INSERT INTO volunteers (id, supervisorID, name, languagesSpoken) VALUES ('744', '10', 'Dante Bloodworthe', 'vivamus');
INSERT INTO volunteers (id, supervisorID, name, languagesSpoken) VALUES ('745', '47', 'Cordey Duffield', 'accumsan');
INSERT INTO volunteers (id, supervisorID, name, languagesSpoken) VALUES ('746', '6', 'Dorella Diggles', 'elit sodales');
INSERT INTO volunteers (id, supervisorID, name, languagesSpoken) VALUES ('747', '24', 'Douglas Harbour', 'aliquam quis turpis');
INSERT INTO volunteers (id, supervisorID, name, languagesSpoken) VALUES ('748', '48', 'Auroora Beggio', 'pharetra magna ac consequat');
INSERT INTO volunteers (id, supervisorID, name, languagesSpoken) VALUES ('749', '29', 'Tawsha Rumbold', 'molestie sed justo');
INSERT INTO volunteers (id, supervisorID, name, languagesSpoken) VALUES ('750', '26', 'Chris Careswell', 'ipsum');
INSERT INTO volunteers (id, supervisorID, name, languagesSpoken) VALUES ('751', '40', 'Marissa Broy', 'morbi vel');
INSERT INTO volunteers (id, supervisorID, name, languagesSpoken) VALUES ('752', '27', 'Kassey Lankford', 'vitae nisi nam ultrices');
INSERT INTO volunteers (id, supervisorID, name, languagesSpoken) VALUES ('753', '46', 'Norma Steel', 'non mattis pulvinar nulla');
INSERT INTO volunteers (id, supervisorID, name, languagesSpoken) VALUES ('754', '36', 'Benetta Peaddie', 'ligula pellentesque ultrices phasellus');
INSERT INTO volunteers (id, supervisorID, name, languagesSpoken) VALUES ('755', '23', 'Hendrik Gyles', 'penatibus et magnis dis');
INSERT INTO volunteers (id, supervisorID, name, languagesSpoken) VALUES ('756', '7', 'Kirbee Outerbridge', 'sit amet');
INSERT INTO volunteers (id, supervisorID, name, languagesSpoken) VALUES ('757', '4', 'Lyn Minors', 'volutpat erat');
INSERT INTO volunteers (id, supervisorID, name, languagesSpoken) VALUES ('758', '14', 'Greta Vanelli', 'maecenas rhoncus aliquam lacus');
INSERT INTO volunteers (id, supervisorID, name, languagesSpoken) VALUES ('759', '12', 'Milena Guilloton', 'viverra dapibus nulla');
INSERT INTO volunteers (id, supervisorID, name, languagesSpoken) VALUES ('760', '9', 'Lamont Bugler', 'nunc donec quis');
INSERT INTO volunteers (id, supervisorID, name, languagesSpoken) VALUES ('761', '22', 'Shellie Ingray', 'nulla suscipit ligula in');
INSERT INTO volunteers (id, supervisorID, name, languagesSpoken) VALUES ('762', '25', 'Fidelio Bayne', 'metus');
INSERT INTO volunteers (id, supervisorID, name, languagesSpoken) VALUES ('763', '19', 'Nolan Booij', 'purus eu magna');
INSERT INTO volunteers (id, supervisorID, name, languagesSpoken) VALUES ('764', '45', 'Huntlee Goolding', 'hac');
INSERT INTO volunteers (id, supervisorID, name, languagesSpoken) VALUES ('765', '18', 'Terrie Hatherley', 'at feugiat non');
INSERT INTO volunteers (id, supervisorID, name, languagesSpoken) VALUES ('766', '11', 'Larina Patman', 'odio condimentum id');
INSERT INTO volunteers (id, supervisorID, name, languagesSpoken) VALUES ('767', '3', 'Alexine Lowdyane', 'dui vel');
INSERT INTO volunteers (id, supervisorID, name, languagesSpoken) VALUES ('768', '42', 'Cariotta Ely', 'maecenas rhoncus aliquam');
INSERT INTO volunteers (id, supervisorID, name, languagesSpoken) VALUES ('769', '20', 'Rudy Tollow', 'aenean sit');
INSERT INTO volunteers (id, supervisorID, name, languagesSpoken) VALUES ('770', '31', 'Adlai Monson', 'rhoncus aliquam lacus morbi');
INSERT INTO volunteers (id, supervisorID, name, languagesSpoken) VALUES ('771', '37', 'Audi Chishull', 'duis consequat');
INSERT INTO volunteers (id, supervisorID, name, languagesSpoken) VALUES ('772', '15', 'Nissa Bestman', 'id consequat');
INSERT INTO volunteers (id, supervisorID, name, languagesSpoken) VALUES ('773', '32', 'Hirsch Shuxsmith', 'rhoncus sed');
INSERT INTO volunteers (id, supervisorID, name, languagesSpoken) VALUES ('774', '49', 'Viole Bilbrooke', 'tristique in');
INSERT INTO volunteers (id, supervisorID, name, languagesSpoken) VALUES ('775', '34', 'Kelsi Beaconsall', 'dapibus');
INSERT INTO volunteers (id, supervisorID, name, languagesSpoken) VALUES ('776', '19', 'Sibyl Jimmes', 'amet lobortis sapien');
INSERT INTO volunteers (id, supervisorID, name, languagesSpoken) VALUES ('777', '2', 'Edgar Dunton', 'lectus pellentesque eget nunc');
INSERT INTO volunteers (id, supervisorID, name, languagesSpoken) VALUES ('778', '23', 'Edgard Kimbling', 'aliquam augue');
INSERT INTO volunteers (id, supervisorID, name, languagesSpoken) VALUES ('779', '41', 'Allianora Fishbourn', 'sagittis nam congue');
INSERT INTO volunteers (id, supervisorID, name, languagesSpoken) VALUES ('780', '5', 'Bengt Mullinder', 'est phasellus sit');
INSERT INTO volunteers (id, supervisorID, name, languagesSpoken) VALUES ('781', '7', 'Chaunce Cushe', 'enim sit amet nunc');
INSERT INTO volunteers (id, supervisorID, name, languagesSpoken) VALUES ('782', '48', 'Eugene McLardie', 'sit amet');
INSERT INTO volunteers (id, supervisorID, name, languagesSpoken) VALUES ('783', '37', 'Abner Stitcher', 'turpis enim');
INSERT INTO volunteers (id, supervisorID, name, languagesSpoken) VALUES ('784', '14', 'Rodolphe Pauli', 'lorem');
INSERT INTO volunteers (id, supervisorID, name, languagesSpoken) VALUES ('785', '46', 'Zara McCorry', 'sed vestibulum sit amet');
INSERT INTO volunteers (id, supervisorID, name, languagesSpoken) VALUES ('786', '31', 'Gretal Oaks', 'dictumst maecenas');
INSERT INTO volunteers (id, supervisorID, name, languagesSpoken) VALUES ('787', '20', 'Daloris Etchell', 'morbi ut odio');
INSERT INTO volunteers (id, supervisorID, name, languagesSpoken) VALUES ('788', '15', 'Willdon Crewes', 'sit amet consectetuer');
INSERT INTO volunteers (id, supervisorID, name, languagesSpoken) VALUES ('789', '30', 'Fons Georgiev', 'donec quis orci');
INSERT INTO volunteers (id, supervisorID, name, languagesSpoken) VALUES ('790', '22', 'Carrie McGillivrie', 'nec nisi volutpat');
INSERT INTO volunteers (id, supervisorID, name, languagesSpoken) VALUES ('791', '16', 'Alair Grayshon', 'sit amet');
INSERT INTO volunteers (id, supervisorID, name, languagesSpoken) VALUES ('792', '24', 'Wynn Burbudge', 'in faucibus');
INSERT INTO volunteers (id, supervisorID, name, languagesSpoken) VALUES ('793', '9', 'Leonerd Potbury', 'integer a nibh in');
INSERT INTO volunteers (id, supervisorID, name, languagesSpoken) VALUES ('794', '32', 'Skippie Forkan', 'consectetuer eget rutrum at');
INSERT INTO volunteers (id, supervisorID, name, languagesSpoken) VALUES ('795', '34', 'Cale Wahlberg', 'metus arcu adipiscing');
INSERT INTO volunteers (id, supervisorID, name, languagesSpoken) VALUES ('796', '44', 'Orsola Marrian', 'cursus urna ut');
INSERT INTO volunteers (id, supervisorID, name, languagesSpoken) VALUES ('797', '40', 'Merrel Owain', 'ut');
INSERT INTO volunteers (id, supervisorID, name, languagesSpoken) VALUES ('798', '39', 'Laryssa McCloy', 'felis donec semper');
INSERT INTO volunteers (id, supervisorID, name, languagesSpoken) VALUES ('799', '49', 'Steward Stenners', 'ultrices');
INSERT INTO volunteers (id, supervisorID, name, languagesSpoken) VALUES ('800', '26', 'Culver Entreis', 'eget eleifend luctus ultricies');
INSERT INTO volunteers (id, supervisorID, name, languagesSpoken) VALUES ('801', '4', 'Hewet Manie', 'eget');
INSERT INTO volunteers (id, supervisorID, name, languagesSpoken) VALUES ('802', '13', 'Rebbecca Di Carli', 'nonummy');
INSERT INTO volunteers (id, supervisorID, name, languagesSpoken) VALUES ('803', '8', 'Leelah Camerello', 'etiam justo');
INSERT INTO volunteers (id, supervisorID, name, languagesSpoken) VALUES ('804', '50', 'Alfy Sprakes', 'integer non velit');
INSERT INTO volunteers (id, supervisorID, name, languagesSpoken) VALUES ('805', '47', 'Rockey Babar', 'lectus suspendisse potenti in');
INSERT INTO volunteers (id, supervisorID, name, languagesSpoken) VALUES ('806', '12', 'Lynda Spender', 'nulla ut erat');
INSERT INTO volunteers (id, supervisorID, name, languagesSpoken) VALUES ('807', '17', 'Maxie Dinsell', 'in magna bibendum imperdiet');
INSERT INTO volunteers (id, supervisorID, name, languagesSpoken) VALUES ('808', '13', 'Ilario Tuke', 'bibendum felis sed');
INSERT INTO volunteers (id, supervisorID, name, languagesSpoken) VALUES ('809', '14', 'Kylie Gilston', 'amet');
INSERT INTO volunteers (id, supervisorID, name, languagesSpoken) VALUES ('810', '50', 'Bea Linger', 'nulla');
INSERT INTO volunteers (id, supervisorID, name, languagesSpoken) VALUES ('811', '32', 'Mic Kennford', 'nisi nam ultrices');
INSERT INTO volunteers (id, supervisorID, name, languagesSpoken) VALUES ('812', '46', 'Ulrica Coey', 'in libero ut massa');
INSERT INTO volunteers (id, supervisorID, name, languagesSpoken) VALUES ('813', '38', 'Roger Hurdle', 'lobortis sapien');
INSERT INTO volunteers (id, supervisorID, name, languagesSpoken) VALUES ('814', '44', 'Shawn Pringell', 'iaculis congue vivamus');
INSERT INTO volunteers (id, supervisorID, name, languagesSpoken) VALUES ('815', '29', 'Michelina Tibols', 'ridiculus mus vivamus vestibulum');
INSERT INTO volunteers (id, supervisorID, name, languagesSpoken) VALUES ('816', '28', 'Carola Skelly', 'odio consequat varius');
INSERT INTO volunteers (id, supervisorID, name, languagesSpoken) VALUES ('817', '39', 'Ruddie Caston', 'augue aliquam erat');
INSERT INTO volunteers (id, supervisorID, name, languagesSpoken) VALUES ('818', '20', 'Carce Shay', 'quis turpis');
INSERT INTO volunteers (id, supervisorID, name, languagesSpoken) VALUES ('819', '45', 'Consalve Burnel', 'lectus in quam');
INSERT INTO volunteers (id, supervisorID, name, languagesSpoken) VALUES ('820', '27', 'Lonna Kingman', 'adipiscing elit proin');
INSERT INTO volunteers (id, supervisorID, name, languagesSpoken) VALUES ('821', '47', 'Roy Kolodziej', 'ornare');
INSERT INTO volunteers (id, supervisorID, name, languagesSpoken) VALUES ('822', '5', 'Ragnar Boles', 'proin at turpis');
INSERT INTO volunteers (id, supervisorID, name, languagesSpoken) VALUES ('823', '25', 'Nona Dufoure', 'leo');
INSERT INTO volunteers (id, supervisorID, name, languagesSpoken) VALUES ('824', '3', 'Robbie Duddin', 'parturient montes nascetur');
INSERT INTO volunteers (id, supervisorID, name, languagesSpoken) VALUES ('825', '30', 'Ole Josilowski', 'dis parturient montes nascetur');
INSERT INTO volunteers (id, supervisorID, name, languagesSpoken) VALUES ('826', '26', 'Dierdre Hadaway', 'placerat');
INSERT INTO volunteers (id, supervisorID, name, languagesSpoken) VALUES ('827', '4', 'Daisy Bourget', 'ultrices');
INSERT INTO volunteers (id, supervisorID, name, languagesSpoken) VALUES ('828', '7', 'Noel Spaxman', 'aliquam sit');
INSERT INTO volunteers (id, supervisorID, name, languagesSpoken) VALUES ('829', '21', 'Isabelle Rendbaek', 'vestibulum vestibulum ante ipsum');
INSERT INTO volunteers (id, supervisorID, name, languagesSpoken) VALUES ('830', '11', 'Gayler Voce', 'congue diam');
INSERT INTO volunteers (id, supervisorID, name, languagesSpoken) VALUES ('831', '31', 'Thekla Milch', 'lectus in est');
INSERT INTO volunteers (id, supervisorID, name, languagesSpoken) VALUES ('832', '2', 'Gwyneth Farrears', 'nulla ac');
INSERT INTO volunteers (id, supervisorID, name, languagesSpoken) VALUES ('833', '24', 'Gareth Tomich', 'aenean fermentum donec');
INSERT INTO volunteers (id, supervisorID, name, languagesSpoken) VALUES ('834', '12', 'Ashton Fluit', 'donec vitae');
INSERT INTO volunteers (id, supervisorID, name, languagesSpoken) VALUES ('835', '41', 'Diarmid Desforges', 'tristique tortor eu pede');
INSERT INTO volunteers (id, supervisorID, name, languagesSpoken) VALUES ('836', '18', 'Bren Issacov', 'in faucibus orci');
INSERT INTO volunteers (id, supervisorID, name, languagesSpoken) VALUES ('837', '6', 'Whitney Jedrysik', 'luctus et ultrices posuere');
INSERT INTO volunteers (id, supervisorID, name, languagesSpoken) VALUES ('838', '17', 'Joye Mumbray', 'porttitor');
INSERT INTO volunteers (id, supervisorID, name, languagesSpoken) VALUES ('839', '22', 'Marthena Vasler', 'sapien non mi integer');
INSERT INTO volunteers (id, supervisorID, name, languagesSpoken) VALUES ('840', '9', 'Brenna Waplington', 'tellus nulla ut erat');
INSERT INTO volunteers (id, supervisorID, name, languagesSpoken) VALUES ('841', '24', 'Daisi Halliwell', 'malesuada in imperdiet');
INSERT INTO volunteers (id, supervisorID, name, languagesSpoken) VALUES ('842', '30', 'Mendie Karlmann', 'morbi non quam nec');
INSERT INTO volunteers (id, supervisorID, name, languagesSpoken) VALUES ('843', '32', 'Dom Dumper', 'sapien placerat ante');
INSERT INTO volunteers (id, supervisorID, name, languagesSpoken) VALUES ('844', '41', 'Jocelin Culverhouse', 'lacus');
INSERT INTO volunteers (id, supervisorID, name, languagesSpoken) VALUES ('845', '12', 'Nicki Reddings', 'nam nulla integer');
INSERT INTO volunteers (id, supervisorID, name, languagesSpoken) VALUES ('846', '16', 'Manfred Donisi', 'pede posuere nonummy');
INSERT INTO volunteers (id, supervisorID, name, languagesSpoken) VALUES ('847', '4', 'Dannye Sawkins', 'mi sit amet');
INSERT INTO volunteers (id, supervisorID, name, languagesSpoken) VALUES ('848', '38', 'Kacie Annear', 'non lectus aliquam');
INSERT INTO volunteers (id, supervisorID, name, languagesSpoken) VALUES ('849', '33', 'Robb Drillingcourt', 'id');
INSERT INTO volunteers (id, supervisorID, name, languagesSpoken) VALUES ('850', '3', 'Alla Halliday', 'nonummy maecenas tincidunt');
INSERT INTO volunteers (id, supervisorID, name, languagesSpoken) VALUES ('851', '49', 'Zared Leed', 'parturient montes nascetur ridiculus');
INSERT INTO volunteers (id, supervisorID, name, languagesSpoken) VALUES ('852', '39', 'Pavia Pennone', 'semper');
INSERT INTO volunteers (id, supervisorID, name, languagesSpoken) VALUES ('853', '5', 'Dulce Elener', 'vulputate');
INSERT INTO volunteers (id, supervisorID, name, languagesSpoken) VALUES ('854', '7', 'Lorie Coucha', 'ut odio');
INSERT INTO volunteers (id, supervisorID, name, languagesSpoken) VALUES ('855', '23', 'Natalya Yurygyn', 'ut nulla sed accumsan');
INSERT INTO volunteers (id, supervisorID, name, languagesSpoken) VALUES ('856', '37', 'Alon Lambrick', 'augue');
INSERT INTO volunteers (id, supervisorID, name, languagesSpoken) VALUES ('857', '6', 'Adele Omond', 'et tempus');
INSERT INTO volunteers (id, supervisorID, name, languagesSpoken) VALUES ('858', '31', 'Rahal Rowbury', 'nulla justo aliquam');
INSERT INTO volunteers (id, supervisorID, name, languagesSpoken) VALUES ('859', '28', 'Allianora Rowbrey', 'mauris viverra diam');
INSERT INTO volunteers (id, supervisorID, name, languagesSpoken) VALUES ('860', '13', 'Edwina Decort', 'pulvinar nulla');
INSERT INTO volunteers (id, supervisorID, name, languagesSpoken) VALUES ('861', '10', 'Aguie Fills', 'nisl venenatis lacinia');
INSERT INTO volunteers (id, supervisorID, name, languagesSpoken) VALUES ('862', '8', 'Addy Cristobal', 'duis consequat');
INSERT INTO volunteers (id, supervisorID, name, languagesSpoken) VALUES ('863', '48', 'Dewey Aubri', 'nulla suspendisse potenti');
INSERT INTO volunteers (id, supervisorID, name, languagesSpoken) VALUES ('864', '44', 'Issie Frazer', 'diam erat');
INSERT INTO volunteers (id, supervisorID, name, languagesSpoken) VALUES ('865', '35', 'Meade Fittes', 'odio curabitur');
INSERT INTO volunteers (id, supervisorID, name, languagesSpoken) VALUES ('866', '20', 'Cherey M''cowis', 'congue eget semper');
INSERT INTO volunteers (id, supervisorID, name, languagesSpoken) VALUES ('867', '19', 'Casey Deneve', 'ligula in lacus curabitur');
INSERT INTO volunteers (id, supervisorID, name, languagesSpoken) VALUES ('868', '34', 'Symon Marquiss', 'eget');
INSERT INTO volunteers (id, supervisorID, name, languagesSpoken) VALUES ('869', '28', 'Cesaro McTrusty', 'aliquam');
INSERT INTO volunteers (id, supervisorID, name, languagesSpoken) VALUES ('870', '36', 'Ahmed Murphey', 'id mauris');
INSERT INTO volunteers (id, supervisorID, name, languagesSpoken) VALUES ('871', '16', 'Maurene Grime', 'imperdiet');
INSERT INTO volunteers (id, supervisorID, name, languagesSpoken) VALUES ('872', '17', 'Georas Mintram', 'lectus aliquam sit');
INSERT INTO volunteers (id, supervisorID, name, languagesSpoken) VALUES ('873', '2', 'Keriann Bantick', 'imperdiet sapien urna pretium');
INSERT INTO volunteers (id, supervisorID, name, languagesSpoken) VALUES ('874', '8', 'Ronnie Owens', 'volutpat sapien arcu');
INSERT INTO volunteers (id, supervisorID, name, languagesSpoken) VALUES ('875', '44', 'Bat Musgrove', 'dolor morbi vel');
INSERT INTO volunteers (id, supervisorID, name, languagesSpoken) VALUES ('876', '29', 'Mari Burstowe', 'lobortis est phasellus sit');
INSERT INTO volunteers (id, supervisorID, name, languagesSpoken) VALUES ('877', '31', 'Shelia Chalcraft', 'blandit');
INSERT INTO volunteers (id, supervisorID, name, languagesSpoken) VALUES ('878', '32', 'Lyn Winterbottom', 'accumsan felis');
INSERT INTO volunteers (id, supervisorID, name, languagesSpoken) VALUES ('879', '11', 'Jorie MacPharlain', 'aliquam non mauris morbi');
INSERT INTO volunteers (id, supervisorID, name, languagesSpoken) VALUES ('880', '42', 'Kippie Jagoe', 'volutpat convallis');
INSERT INTO volunteers (id, supervisorID, name, languagesSpoken) VALUES ('881', '26', 'Christa Ginner', 'laoreet ut rhoncus');
INSERT INTO volunteers (id, supervisorID, name, languagesSpoken) VALUES ('882', '4', 'Ilaire Garrould', 'vestibulum sagittis sapien');
INSERT INTO volunteers (id, supervisorID, name, languagesSpoken) VALUES ('883', '34', 'Nico Tresvina', 'tortor sollicitudin');
INSERT INTO volunteers (id, supervisorID, name, languagesSpoken) VALUES ('884', '7', 'Maggie Biddlestone', 'sed vestibulum sit amet');
INSERT INTO volunteers (id, supervisorID, name, languagesSpoken) VALUES ('885', '23', 'Gasparo Domeney', 'suscipit a');
INSERT INTO volunteers (id, supervisorID, name, languagesSpoken) VALUES ('886', '46', 'Emyle Jedrzejczak', 'id ligula suspendisse');
INSERT INTO volunteers (id, supervisorID, name, languagesSpoken) VALUES ('887', '37', 'Julina Aubry', 'erat nulla');
INSERT INTO volunteers (id, supervisorID, name, languagesSpoken) VALUES ('888', '21', 'Thurstan Mitchenson', 'ultrices enim');
INSERT INTO volunteers (id, supervisorID, name, languagesSpoken) VALUES ('889', '39', 'Libbey Ilyushkin', 'pulvinar');
INSERT INTO volunteers (id, supervisorID, name, languagesSpoken) VALUES ('890', '48', 'Donal Pfaffel', 'lorem');
INSERT INTO volunteers (id, supervisorID, name, languagesSpoken) VALUES ('891', '25', 'Ole Bonsul', 'sit amet consectetuer adipiscing');
INSERT INTO volunteers (id, supervisorID, name, languagesSpoken) VALUES ('892', '20', 'Berna Cranshaw', 'mi nulla ac enim');
INSERT INTO volunteers (id, supervisorID, name, languagesSpoken) VALUES ('893', '45', 'Robb Cheatle', 'tristique');
INSERT INTO volunteers (id, supervisorID, name, languagesSpoken) VALUES ('894', '14', 'Charlot Dugall', 'in felis eu sapien');
INSERT INTO volunteers (id, supervisorID, name, languagesSpoken) VALUES ('895', '19', 'Kristofer Scapelhorn', 'tortor');
INSERT INTO volunteers (id, supervisorID, name, languagesSpoken) VALUES ('896', '13', 'Zorina Pena', 'sapien cursus');
INSERT INTO volunteers (id, supervisorID, name, languagesSpoken) VALUES ('897', '22', 'Mordecai Stuke', 'eros');
INSERT INTO volunteers (id, supervisorID, name, languagesSpoken) VALUES ('898', '12', 'Bibi Rojahn', 'nec');
INSERT INTO volunteers (id, supervisorID, name, languagesSpoken) VALUES ('899', '5', 'Monty Loble', 'eu');
INSERT INTO volunteers (id, supervisorID, name, languagesSpoken) VALUES ('900', '7', 'Heddi Torn', 'ligula pellentesque');
INSERT INTO volunteers (id, supervisorID, name, languagesSpoken) VALUES ('901', '19', 'Emmye De''Vere - Hunt', 'suspendisse potenti');
INSERT INTO volunteers (id, supervisorID, name, languagesSpoken) VALUES ('902', '31', 'Niki Van der Kruys', 'velit eu est');
INSERT INTO volunteers (id, supervisorID, name, languagesSpoken) VALUES ('903', '48', 'Belva Corpes', 'justo');
INSERT INTO volunteers (id, supervisorID, name, languagesSpoken) VALUES ('904', '12', 'Tomkin Hanwell', 'amet');
INSERT INTO volunteers (id, supervisorID, name, languagesSpoken) VALUES ('905', '39', 'Alphonso Keenlayside', 'leo rhoncus');
INSERT INTO volunteers (id, supervisorID, name, languagesSpoken) VALUES ('906', '30', 'Siana Howieson', 'curae donec pharetra');
INSERT INTO volunteers (id, supervisorID, name, languagesSpoken) VALUES ('907', '14', 'Delcine Speek', 'ligula');
INSERT INTO volunteers (id, supervisorID, name, languagesSpoken) VALUES ('908', '15', 'Sheffy Greser', 'magna bibendum');
INSERT INTO volunteers (id, supervisorID, name, languagesSpoken) VALUES ('909', '16', 'Devy Usher', 'nullam orci');
INSERT INTO volunteers (id, supervisorID, name, languagesSpoken) VALUES ('910', '23', 'Kahaleel Hamlett', 'morbi ut odio cras');
INSERT INTO volunteers (id, supervisorID, name, languagesSpoken) VALUES ('911', '46', 'Thibaud Churms', 'cras');
INSERT INTO volunteers (id, supervisorID, name, languagesSpoken) VALUES ('912', '18', 'Woody Bracher', 'augue vestibulum ante');
INSERT INTO volunteers (id, supervisorID, name, languagesSpoken) VALUES ('913', '17', 'Loydie Frie', 'vel accumsan tellus');
INSERT INTO volunteers (id, supervisorID, name, languagesSpoken) VALUES ('914', '11', 'Jessie Bramich', 'vulputate elementum nullam');
INSERT INTO volunteers (id, supervisorID, name, languagesSpoken) VALUES ('915', '42', 'Udall Hatchman', 'quis turpis eget');
INSERT INTO volunteers (id, supervisorID, name, languagesSpoken) VALUES ('916', '47', 'Maisie McTerrelly', 'pellentesque quisque porta');
INSERT INTO volunteers (id, supervisorID, name, languagesSpoken) VALUES ('917', '25', 'Hestia Measom', 'augue quam sollicitudin');
INSERT INTO volunteers (id, supervisorID, name, languagesSpoken) VALUES ('918', '43', 'Albie MacKibbon', 'lectus vestibulum');
INSERT INTO volunteers (id, supervisorID, name, languagesSpoken) VALUES ('919', '35', 'Malva Rowdell', 'rutrum');
INSERT INTO volunteers (id, supervisorID, name, languagesSpoken) VALUES ('920', '37', 'Christoforo Gostyke', 'at lorem');
INSERT INTO volunteers (id, supervisorID, name, languagesSpoken) VALUES ('921', '4', 'Lorin Highman', 'nec nisi');
INSERT INTO volunteers (id, supervisorID, name, languagesSpoken) VALUES ('922', '32', 'Lu Baccas', 'euismod scelerisque quam');
INSERT INTO volunteers (id, supervisorID, name, languagesSpoken) VALUES ('923', '44', 'Cyrille Scandrite', 'pulvinar');
INSERT INTO volunteers (id, supervisorID, name, languagesSpoken) VALUES ('924', '50', 'Mortie Gircke', 'quam suspendisse');
INSERT INTO volunteers (id, supervisorID, name, languagesSpoken) VALUES ('925', '21', 'Hilario Bleythin', 'habitasse platea dictumst');
INSERT INTO volunteers (id, supervisorID, name, languagesSpoken) VALUES ('926', '2', 'Dana Gocher', 'vestibulum');
INSERT INTO volunteers (id, supervisorID, name, languagesSpoken) VALUES ('927', '27', 'Melodie Snalum', 'lacus');
INSERT INTO volunteers (id, supervisorID, name, languagesSpoken) VALUES ('928', '29', 'Peggi Davydychev', 'nisi');
INSERT INTO volunteers (id, supervisorID, name, languagesSpoken) VALUES ('929', '24', 'Cybil Silly', 'vehicula condimentum curabitur in');
INSERT INTO volunteers (id, supervisorID, name, languagesSpoken) VALUES ('930', '22', 'Rockwell D''Angeli', 'quisque');
INSERT INTO volunteers (id, supervisorID, name, languagesSpoken) VALUES ('931', '34', 'Lia Dewane', 'ultrices');
INSERT INTO volunteers (id, supervisorID, name, languagesSpoken) VALUES ('932', '8', 'Roy Schrinel', 'nisl ut volutpat');
INSERT INTO volunteers (id, supervisorID, name, languagesSpoken) VALUES ('933', '26', 'Nonah Gitting', 'accumsan odio curabitur');
INSERT INTO volunteers (id, supervisorID, name, languagesSpoken) VALUES ('934', '9', 'Brandais Jewess', 'molestie sed');
INSERT INTO volunteers (id, supervisorID, name, languagesSpoken) VALUES ('935', '44', 'Rena Delaney', 'nam congue risus semper');
INSERT INTO volunteers (id, supervisorID, name, languagesSpoken) VALUES ('936', '20', 'Baxie Kornas', 'ante ipsum primis in');
INSERT INTO volunteers (id, supervisorID, name, languagesSpoken) VALUES ('937', '47', 'Meredeth Burgen', 'consequat lectus');
INSERT INTO volunteers (id, supervisorID, name, languagesSpoken) VALUES ('938', '36', 'Lexis Danser', 'maecenas leo odio condimentum');
INSERT INTO volunteers (id, supervisorID, name, languagesSpoken) VALUES ('939', '40', 'Pia Smorthit', 'eu massa donec dapibus');
INSERT INTO volunteers (id, supervisorID, name, languagesSpoken) VALUES ('940', '19', 'Almeta Kopacek', 'consequat in consequat ut');
INSERT INTO volunteers (id, supervisorID, name, languagesSpoken) VALUES ('941', '50', 'Conchita Jantzen', 'sit amet');
INSERT INTO volunteers (id, supervisorID, name, languagesSpoken) VALUES ('942', '1', 'Courtnay Fernely', 'at velit');
INSERT INTO volunteers (id, supervisorID, name, languagesSpoken) VALUES ('943', '25', 'Papageno Connelly', 'vivamus in');
INSERT INTO volunteers (id, supervisorID, name, languagesSpoken) VALUES ('944', '21', 'Trude Lanchberry', 'curae duis faucibus accumsan');
INSERT INTO volunteers (id, supervisorID, name, languagesSpoken) VALUES ('945', '10', 'Noak Halversen', 'nec');
INSERT INTO volunteers (id, supervisorID, name, languagesSpoken) VALUES ('946', '39', 'Deni Jory', 'sed');
INSERT INTO volunteers (id, supervisorID, name, languagesSpoken) VALUES ('947', '29', 'Valaria Ricoald', 'rutrum neque');
INSERT INTO volunteers (id, supervisorID, name, languagesSpoken) VALUES ('948', '14', 'Dorelia O'' Faherty', 'libero nam dui');
INSERT INTO volunteers (id, supervisorID, name, languagesSpoken) VALUES ('949', '43', 'Gram Mebs', 'consequat ut nulla sed');
INSERT INTO volunteers (id, supervisorID, name, languagesSpoken) VALUES ('950', '32', 'Starr Kynoch', 'at feugiat non pretium');
INSERT INTO volunteers (id, supervisorID, name, languagesSpoken) VALUES ('951', '15', 'Ailene Teodori', 'venenatis turpis enim blandit');
INSERT INTO volunteers (id, supervisorID, name, languagesSpoken) VALUES ('952', '24', 'Aimee Hanby', 'morbi vestibulum');
INSERT INTO volunteers (id, supervisorID, name, languagesSpoken) VALUES ('953', '13', 'Herman de Banke', 'pede malesuada');
INSERT INTO volunteers (id, supervisorID, name, languagesSpoken) VALUES ('954', '23', 'Lula Francis', 'malesuada');
INSERT INTO volunteers (id, supervisorID, name, languagesSpoken) VALUES ('955', '3', 'Georgina Golley', 'aenean lectus');
INSERT INTO volunteers (id, supervisorID, name, languagesSpoken) VALUES ('956', '45', 'Karen Bailes', 'quisque erat');
INSERT INTO volunteers (id, supervisorID, name, languagesSpoken) VALUES ('957', '37', 'Bradford Harnwell', 'eget massa tempor');
INSERT INTO volunteers (id, supervisorID, name, languagesSpoken) VALUES ('958', '2', 'Tabb Cordeix', 'fusce lacus purus aliquet');
INSERT INTO volunteers (id, supervisorID, name, languagesSpoken) VALUES ('959', '38', 'Lenard Chetwin', 'quisque');
INSERT INTO volunteers (id, supervisorID, name, languagesSpoken) VALUES ('960', '4', 'Maximo Puncher', 'felis sed lacus');
INSERT INTO volunteers (id, supervisorID, name, languagesSpoken) VALUES ('961', '27', 'Olivette Pendrill', 'vestibulum ante');
INSERT INTO volunteers (id, supervisorID, name, languagesSpoken) VALUES ('962', '47', 'Jen Raithbie', 'sit amet turpis');
INSERT INTO volunteers (id, supervisorID, name, languagesSpoken) VALUES ('963', '49', 'Clayborne Baudet', 'morbi quis tortor');
INSERT INTO volunteers (id, supervisorID, name, languagesSpoken) VALUES ('964', '9', 'Mindy Scibsey', 'luctus');
INSERT INTO volunteers (id, supervisorID, name, languagesSpoken) VALUES ('965', '14', 'Ibbie Mountfort', 'vestibulum rutrum rutrum neque');
INSERT INTO volunteers (id, supervisorID, name, languagesSpoken) VALUES ('966', '18', 'Heather Wilton', 'donec');
INSERT INTO volunteers (id, supervisorID, name, languagesSpoken) VALUES ('967', '11', 'Pascale Ramiro', 'risus auctor');
INSERT INTO volunteers (id, supervisorID, name, languagesSpoken) VALUES ('968', '31', 'Barclay Perico', 'dapibus');
INSERT INTO volunteers (id, supervisorID, name, languagesSpoken) VALUES ('969', '41', 'Adolpho Nussgen', 'tincidunt eu felis');
INSERT INTO volunteers (id, supervisorID, name, languagesSpoken) VALUES ('970', '38', 'Nicky Smaleman', 'leo odio porttitor id');
INSERT INTO volunteers (id, supervisorID, name, languagesSpoken) VALUES ('971', '6', 'Bobbie Ottery', 'aenean lectus pellentesque');
INSERT INTO volunteers (id, supervisorID, name, languagesSpoken) VALUES ('972', '5', 'Kerrill Gaythwaite', 'consectetuer adipiscing elit proin');
INSERT INTO volunteers (id, supervisorID, name, languagesSpoken) VALUES ('973', '42', 'Wren Loveless', 'vestibulum quam sapien varius');
INSERT INTO volunteers (id, supervisorID, name, languagesSpoken) VALUES ('974', '7', 'Cora Message', 'rutrum nulla tellus');
INSERT INTO volunteers (id, supervisorID, name, languagesSpoken) VALUES ('975', '24', 'Hadlee Shervington', 'sed augue aliquam');
INSERT INTO volunteers (id, supervisorID, name, languagesSpoken) VALUES ('976', '48', 'Rickert Blain', 'maecenas');
INSERT INTO volunteers (id, supervisorID, name, languagesSpoken) VALUES ('977', '44', 'Joni Andreoletti', 'mattis egestas metus');
INSERT INTO volunteers (id, supervisorID, name, languagesSpoken) VALUES ('978', '20', 'Fernande Rantoull', 'praesent lectus vestibulum');
INSERT INTO volunteers (id, supervisorID, name, languagesSpoken) VALUES ('979', '22', 'Marcie Burk', 'ornare consequat lectus');
INSERT INTO volunteers (id, supervisorID, name, languagesSpoken) VALUES ('980', '37', 'Clarance Worsnup', 'convallis nulla');
INSERT INTO volunteers (id, supervisorID, name, languagesSpoken) VALUES ('981', '50', 'Nobie Grovier', 'commodo placerat');
INSERT INTO volunteers (id, supervisorID, name, languagesSpoken) VALUES ('982', '3', 'Bord Matteacci', 'sed ante');
INSERT INTO volunteers (id, supervisorID, name, languagesSpoken) VALUES ('983', '8', 'Ibbie Battison', 'sed tincidunt');
INSERT INTO volunteers (id, supervisorID, name, languagesSpoken) VALUES ('984', '29', 'Dulcia Chesterfield', 'natoque penatibus et magnis');
INSERT INTO volunteers (id, supervisorID, name, languagesSpoken) VALUES ('985', '40', 'Hillel Adamides', 'augue vel accumsan');
INSERT INTO volunteers (id, supervisorID, name, languagesSpoken) VALUES ('986', '23', 'Jenn Riseborough', 'aenean fermentum');
INSERT INTO volunteers (id, supervisorID, name, languagesSpoken) VALUES ('987', '15', 'Harris Lashford', 'ligula');
INSERT INTO volunteers (id, supervisorID, name, languagesSpoken) VALUES ('988', '43', 'Rufe Gommes', 'eros viverra eget congue');
INSERT INTO volunteers (id, supervisorID, name, languagesSpoken) VALUES ('989', '33', 'Sidonnie Santino', 'commodo placerat praesent');
INSERT INTO volunteers (id, supervisorID, name, languagesSpoken) VALUES ('990', '34', 'Randy Mammatt', 'faucibus cursus urna ut');
INSERT INTO volunteers (id, supervisorID, name, languagesSpoken) VALUES ('991', '28', 'Emanuel Coulthard', 'congue eget semper rutrum');
INSERT INTO volunteers (id, supervisorID, name, languagesSpoken) VALUES ('992', '2', 'Cele Sign', 'primis in faucibus orci');
INSERT INTO volunteers (id, supervisorID, name, languagesSpoken) VALUES ('993', '39', 'Bennie Cumo', 'maecenas leo odio condimentum');
INSERT INTO volunteers (id, supervisorID, name, languagesSpoken) VALUES ('994', '4', 'Linell Brien', 'ipsum primis');
INSERT INTO volunteers (id, supervisorID, name, languagesSpoken) VALUES ('995', '36', 'Mattie Stoker', 'sit amet');
INSERT INTO volunteers (id, supervisorID, name, languagesSpoken) VALUES ('996', '17', 'Berget Androsik', 'justo eu');
INSERT INTO volunteers (id, supervisorID, name, languagesSpoken) VALUES ('997', '45', 'Burt Phipps', 'augue aliquam erat volutpat');
INSERT INTO volunteers (id, supervisorID, name, languagesSpoken) VALUES ('998', '30', 'Wallis Willcox', 'vestibulum sit amet');
INSERT INTO volunteers (id, supervisorID, name, languagesSpoken) VALUES ('999', '10', 'Annalise Betun', 'integer non velit');
INSERT INTO volunteers (id, supervisorID, name, languagesSpoken) VALUES ('1000', '26', 'Fiona Bentick', 'turpis donec');

INSERT INTO posts (postID, migrantID, postContent, displayName, createdAt) VALUES ('1', '40', 'Phasellus id sapien in sapien iaculis congue. Vivamus metus arcu, adipiscing molestie, hendrerit at, vulputate vitae, nisl. Aenean lectus. Pellentesque eget nunc. Donec quis orci eget orci vehicula condimentum. Curabitur in libero ut massa volutpat convallis.', 'proin', '2023-10-10');
INSERT INTO posts (postID, migrantID, postContent, displayName, createdAt) VALUES ('2', '46', 'Cum sociis natoque penatibus et magnis dis parturient montes, nascetur ridiculus mus. Vivamus vestibulum sagittis sapien. Cum sociis natoque penatibus et magnis dis parturient montes, nascetur ridiculus mus. Etiam vel augue.', 'commodo', '2023-09-15');
INSERT INTO posts (postID, migrantID, postContent, displayName, createdAt) VALUES ('3', '29', 'Duis mattis egestas metus.', 'quam', '2023-10-14');
INSERT INTO posts (postID, migrantID, postContent, displayName, createdAt) VALUES ('4', '9', 'Maecenas pulvinar lobortis est.', 'id', '2023-06-22');
INSERT INTO posts (postID, migrantID, postContent, displayName, createdAt) VALUES ('5', '15', 'Sed vel enim sit amet nunc viverra dapibus. Nulla suscipit ligula in lacus. Curabitur at ipsum ac tellus semper interdum.', 'lorem', '2024-03-25');
INSERT INTO posts (postID, migrantID, postContent, displayName, createdAt) VALUES ('6', '16', 'Morbi non quam nec dui luctus rutrum. Nulla tellus. In sagittis dui vel nisl. Duis ac nibh. Fusce lacus purus, aliquet at, feugiat non, pretium quis, lectus. Suspendisse potenti.', 'turpis', '2023-08-21');
INSERT INTO posts (postID, migrantID, postContent, displayName, createdAt) VALUES ('7', '37', 'Morbi non quam nec dui luctus rutrum. Nulla tellus. In sagittis dui vel nisl. Duis ac nibh. Fusce lacus purus, aliquet at, feugiat non, pretium quis, lectus. Suspendisse potenti. In eleifend quam a odio. In hac habitasse platea dictumst. Maecenas ut massa quis augue luctus tincidunt. Nulla mollis molestie lorem.', 'vivamus', '2023-06-23');

INSERT INTO appointments (migrantID, volunteerID, date, appointmentID) VALUES ('11', '335', '2023-08-02', '1');
INSERT INTO appointments (migrantID, volunteerID, date, appointmentID) VALUES ('3', '967', '2023-07-30', '2');
INSERT INTO appointments (migrantID, volunteerID, date, appointmentID) VALUES ('22', '628', '2023-08-06', '3');
INSERT INTO appointments (migrantID, volunteerID, date, appointmentID) VALUES ('16', '14', '2023-12-02', '4');
INSERT INTO appointments (migrantID, volunteerID, date, appointmentID) VALUES ('38', '964', '2024-04-23', '5');
INSERT INTO appointments (migrantID, volunteerID, date, appointmentID) VALUES ('27', '845', '2023-06-28', '6');
INSERT INTO appointments (migrantID, volunteerID, date, appointmentID) VALUES ('12', '204', '2024-05-02', '7');
INSERT INTO appointments (migrantID, volunteerID, date, appointmentID) VALUES ('25', '110', '2023-12-18', '8');
INSERT INTO appointments (migrantID, volunteerID, date, appointmentID) VALUES ('21', '102', '2024-03-03', '9');
INSERT INTO appointments (migrantID, volunteerID, date, appointmentID) VALUES ('44', '720', '2023-07-30', '10');
INSERT INTO appointments (migrantID, volunteerID, date, appointmentID) VALUES ('47', '381', '2023-08-21', '11');
INSERT INTO appointments (migrantID, volunteerID, date, appointmentID) VALUES ('14', '848', '2024-05-18', '12');
INSERT INTO appointments (migrantID, volunteerID, date, appointmentID) VALUES ('33', '471', '2023-08-06', '13');
INSERT INTO appointments (migrantID, volunteerID, date, appointmentID) VALUES ('28', '334', '2024-04-06', '14');
INSERT INTO appointments (migrantID, volunteerID, date, appointmentID) VALUES ('26', '948', '2023-12-30', '15');
INSERT INTO appointments (migrantID, volunteerID, date, appointmentID) VALUES ('5', '768', '2023-06-24', '16');
INSERT INTO appointments (migrantID, volunteerID, date, appointmentID) VALUES ('40', '513', '2024-04-30', '17');
INSERT INTO appointments (migrantID, volunteerID, date, appointmentID) VALUES ('9', '902', '2023-09-07', '18');
INSERT INTO appointments (migrantID, volunteerID, date, appointmentID) VALUES ('46', '384', '2023-12-05', '19');
INSERT INTO appointments (migrantID, volunteerID, date, appointmentID) VALUES ('29', '819', '2023-06-08', '20');
INSERT INTO appointments (migrantID, volunteerID, date, appointmentID) VALUES ('32', '874', '2023-07-23', '21');
INSERT INTO appointments (migrantID, volunteerID, date, appointmentID) VALUES ('37', '223', '2024-04-05', '22');
INSERT INTO appointments (migrantID, volunteerID, date, appointmentID) VALUES ('2', '47', '2023-08-03', '23');
INSERT INTO appointments (migrantID, volunteerID, date, appointmentID) VALUES ('7', '595', '2023-08-01', '24');
INSERT INTO appointments (migrantID, volunteerID, date, appointmentID) VALUES ('15', '612', '2024-04-23', '25');
INSERT INTO appointments (migrantID, volunteerID, date, appointmentID) VALUES ('24', '196', '2023-10-27', '26');
INSERT INTO appointments (migrantID, volunteerID, date, appointmentID) VALUES ('23', '250', '2023-07-24', '27');
INSERT INTO appointments (migrantID, volunteerID, date, appointmentID) VALUES ('10', '25', '2023-08-14', '28');
INSERT INTO appointments (migrantID, volunteerID, date, appointmentID) VALUES ('30', '892', '2024-04-07', '29');
INSERT INTO appointments (migrantID, volunteerID, date, appointmentID) VALUES ('42', '925', '2023-08-21', '30');
INSERT INTO appointments (migrantID, volunteerID, date, appointmentID) VALUES ('48', '790', '2023-07-07', '31');
INSERT INTO appointments (migrantID, volunteerID, date, appointmentID) VALUES ('2', '126', '2024-05-13', '32');
INSERT INTO appointments (migrantID, volunteerID, date, appointmentID) VALUES ('45', '108', '2023-08-24', '33');
INSERT INTO appointments (migrantID, volunteerID, date, appointmentID) VALUES ('13', '321', '2023-12-29', '34');
INSERT INTO appointments (migrantID, volunteerID, date, appointmentID) VALUES ('20', '415', '2023-12-03', '35');
INSERT INTO appointments (migrantID, volunteerID, date, appointmentID) VALUES ('14', '388', '2024-05-12', '36');
INSERT INTO appointments (migrantID, volunteerID, date, appointmentID) VALUES ('36', '697', '2023-08-06', '37');
INSERT INTO appointments (migrantID, volunteerID, date, appointmentID) VALUES ('32', '447', '2023-12-08', '38');
INSERT INTO appointments (migrantID, volunteerID, date, appointmentID) VALUES ('19', '252', '2023-07-25', '39');
INSERT INTO appointments (migrantID, volunteerID, date, appointmentID) VALUES ('6', '149', '2023-06-16', '40');
INSERT INTO appointments (migrantID, volunteerID, date, appointmentID) VALUES ('4', '547', '2024-05-21', '41');
INSERT INTO appointments (migrantID, volunteerID, date, appointmentID) VALUES ('44', '118', '2023-07-04', '42');
INSERT INTO appointments (migrantID, volunteerID, date, appointmentID) VALUES ('46', '280', '2024-04-10', '43');
INSERT INTO appointments (migrantID, volunteerID, date, appointmentID) VALUES ('29', '529', '2023-08-06', '44');
INSERT INTO appointments (migrantID, volunteerID, date, appointmentID) VALUES ('41', '270', '2024-03-02', '45');
INSERT INTO appointments (migrantID, volunteerID, date, appointmentID) VALUES ('25', '89', '2023-06-20', '46');
INSERT INTO appointments (migrantID, volunteerID, date, appointmentID) VALUES ('49', '313', '2023-10-27', '47');
INSERT INTO appointments (migrantID, volunteerID, date, appointmentID) VALUES ('47', '936', '2023-10-15', '48');
INSERT INTO appointments (migrantID, volunteerID, date, appointmentID) VALUES ('5', '7', '2024-05-29', '49');
INSERT INTO appointments (migrantID, volunteerID, date, appointmentID) VALUES ('42', '830', '2024-05-08', '50');
INSERT INTO appointments (migrantID, volunteerID, date, appointmentID) VALUES ('28', '412', '2023-06-10', '51');
INSERT INTO appointments (migrantID, volunteerID, date, appointmentID) VALUES ('39', '987', '2024-03-13', '52');
INSERT INTO appointments (migrantID, volunteerID, date, appointmentID) VALUES ('22', '176', '2024-04-12', '53');
INSERT INTO appointments (migrantID, volunteerID, date, appointmentID) VALUES ('18', '937', '2024-04-19', '54');
INSERT INTO appointments (migrantID, volunteerID, date, appointmentID) VALUES ('10', '754', '2024-02-10', '55');
INSERT INTO appointments (migrantID, volunteerID, date, appointmentID) VALUES ('12', '82', '2023-12-10', '56');
INSERT INTO appointments (migrantID, volunteerID, date, appointmentID) VALUES ('23', '832', '2024-02-13', '57');
INSERT INTO appointments (migrantID, volunteerID, date, appointmentID) VALUES ('35', '27', '2023-11-12', '58');
INSERT INTO appointments (migrantID, volunteerID, date, appointmentID) VALUES ('50', '262', '2023-08-26', '59');
INSERT INTO appointments (migrantID, volunteerID, date, appointmentID) VALUES ('24', '707', '2024-03-24', '60');
INSERT INTO appointments (migrantID, volunteerID, date, appointmentID) VALUES ('1', '774', '2024-05-02', '61');
INSERT INTO appointments (migrantID, volunteerID, date, appointmentID) VALUES ('27', '585', '2023-09-20', '62');
INSERT INTO appointments (migrantID, volunteerID, date, appointmentID) VALUES ('50', '850', '2023-11-21', '63');
INSERT INTO appointments (migrantID, volunteerID, date, appointmentID) VALUES ('28', '380', '2024-04-12', '64');
INSERT INTO appointments (migrantID, volunteerID, date, appointmentID) VALUES ('16', '742', '2023-08-13', '65');
INSERT INTO appointments (migrantID, volunteerID, date, appointmentID) VALUES ('29', '452', '2023-08-22', '66');
INSERT INTO appointments (migrantID, volunteerID, date, appointmentID) VALUES ('37', '270', '2023-11-09', '67');
INSERT INTO appointments (migrantID, volunteerID, date, appointmentID) VALUES ('49', '839', '2023-10-19', '68');
INSERT INTO appointments (migrantID, volunteerID, date, appointmentID) VALUES ('6', '489', '2024-01-28', '69');
INSERT INTO appointments (migrantID, volunteerID, date, appointmentID) VALUES ('18', '786', '2023-06-16', '70');
INSERT INTO appointments (migrantID, volunteerID, date, appointmentID) VALUES ('26', '610', '2023-06-08', '71');
INSERT INTO appointments (migrantID, volunteerID, date, appointmentID) VALUES ('41', '681', '2023-09-07', '72');
INSERT INTO appointments (migrantID, volunteerID, date, appointmentID) VALUES ('15', '64', '2023-09-08', '73');
INSERT INTO appointments (migrantID, volunteerID, date, appointmentID) VALUES ('31', '529', '2023-07-23', '74');
INSERT INTO appointments (migrantID, volunteerID, date, appointmentID) VALUES ('39', '551', '2023-12-16', '75');
INSERT INTO appointments (migrantID, volunteerID, date, appointmentID) VALUES ('35', '516', '2024-03-24', '76');
INSERT INTO appointments (migrantID, volunteerID, date, appointmentID) VALUES ('5', '799', '2024-03-15', '77');
INSERT INTO appointments (migrantID, volunteerID, date, appointmentID) VALUES ('44', '544', '2024-02-15', '78');
INSERT INTO appointments (migrantID, volunteerID, date, appointmentID) VALUES ('1', '584', '2023-10-11', '79');
INSERT INTO appointments (migrantID, volunteerID, date, appointmentID) VALUES ('22', '222', '2024-03-10', '80');
INSERT INTO appointments (migrantID, volunteerID, date, appointmentID) VALUES ('20', '825', '2023-12-09', '81');
INSERT INTO appointments (migrantID, volunteerID, date, appointmentID) VALUES ('36', '816', '2023-08-16', '82');
INSERT INTO appointments (migrantID, volunteerID, date, appointmentID) VALUES ('42', '306', '2024-01-05', '83');
INSERT INTO appointments (migrantID, volunteerID, date, appointmentID) VALUES ('27', '710', '2024-05-13', '84');
INSERT INTO appointments (migrantID, volunteerID, date, appointmentID) VALUES ('32', '13', '2023-10-24', '85');
INSERT INTO appointments (migrantID, volunteerID, date, appointmentID) VALUES ('48', '15', '2023-07-02', '86');
INSERT INTO appointments (migrantID, volunteerID, date, appointmentID) VALUES ('4', '340', '2023-08-03', '87');
INSERT INTO appointments (migrantID, volunteerID, date, appointmentID) VALUES ('34', '657', '2023-08-14', '88');
INSERT INTO appointments (migrantID, volunteerID, date, appointmentID) VALUES ('13', '75', '2023-10-25', '89');
INSERT INTO appointments (migrantID, volunteerID, date, appointmentID) VALUES ('9', '358', '2024-04-22', '90');
INSERT INTO appointments (migrantID, volunteerID, date, appointmentID) VALUES ('11', '548', '2023-07-04', '91');
INSERT INTO appointments (migrantID, volunteerID, date, appointmentID) VALUES ('39', '681', '2023-07-06', '999');
INSERT INTO appointments (migrantID, volunteerID, date, appointmentID) VALUES ('27', '319', '2023-09-11', '1000');

INSERT INTO dependents (age, gender, relationship, name, dependeeID) VALUES ('15', 'F', 'donec', 'Goldy', '16');
INSERT INTO dependents (age, gender, relationship, name, dependeeID) VALUES ('8', 'M', 'mauris non', 'Mickie', '31');
INSERT INTO dependents (age, gender, relationship, name, dependeeID) VALUES ('18', 'F', 'felis', 'Allyce', '6');
INSERT INTO dependents (age, gender, relationship, name, dependeeID) VALUES ('4', 'F', 'tempus', 'Milissent', '50');
INSERT INTO dependents (age, gender, relationship, name, dependeeID) VALUES ('15', 'M', 'magna', 'Bourke', '46');
INSERT INTO dependents (age, gender, relationship, name, dependeeID) VALUES ('2', 'F', 'at', 'Lolita', '3');
INSERT INTO dependents (age, gender, relationship, name, dependeeID) VALUES ('14', 'F', 'erat', 'Alexia', '28');
INSERT INTO dependents (age, gender, relationship, name, dependeeID) VALUES ('3', 'F', 'vel augue', 'Michelina', '21');
INSERT INTO dependents (age, gender, relationship, name, dependeeID) VALUES ('14', 'M', 'quam nec', 'Toiboid', '24');
INSERT INTO dependents (age, gender, relationship, name, dependeeID) VALUES ('5', 'M', 'dis parturient', 'Hobey', '42');
INSERT INTO dependents (age, gender, relationship, name, dependeeID) VALUES ('6', 'M', 'felis', 'Warner', '14');
INSERT INTO dependents (age, gender, relationship, name, dependeeID) VALUES ('3', 'M', 'aliquet', 'Byrom', '27');
INSERT INTO dependents (age, gender, relationship, name, dependeeID) VALUES ('9', 'F', 'curabitur convallis', 'Karisa', '36');
INSERT INTO dependents (age, gender, relationship, name, dependeeID) VALUES ('3', 'M', 'massa', 'Julie', '15');
INSERT INTO dependents (age, gender, relationship, name, dependeeID) VALUES ('15', 'M', 'nulla facilisi', 'Ashbey', '9');
INSERT INTO dependents (age, gender, relationship, name, dependeeID) VALUES ('10', 'F', 'hac habitasse', 'Ana', '22');
INSERT INTO dependents (age, gender, relationship, name, dependeeID) VALUES ('0', 'M', 'primis in', 'Graig', '47');
INSERT INTO dependents (age, gender, relationship, name, dependeeID) VALUES ('5', 'M', 'luctus', 'Clyve', '45');
INSERT INTO dependents (age, gender, relationship, name, dependeeID) VALUES ('4', 'M', 'ornare consequat', 'Skyler', '43');
INSERT INTO dependents (age, gender, relationship, name, dependeeID) VALUES ('15', 'F', 'proin', 'Lenee', '34');
INSERT INTO dependents (age, gender, relationship, name, dependeeID) VALUES ('14', 'F', 'lacinia', 'Billi', '8');
INSERT INTO dependents (age, gender, relationship, name, dependeeID) VALUES ('15', 'F', 'id', 'Yasmin', '2');
INSERT INTO dependents (age, gender, relationship, name, dependeeID) VALUES ('7', 'F', 'velit eu', 'Brandi', '30');
INSERT INTO dependents (age, gender, relationship, name, dependeeID) VALUES ('3', 'F', 'imperdiet sapien', 'Lethia', '1');
INSERT INTO dependents (age, gender, relationship, name, dependeeID) VALUES ('13', 'F', 'dapibus', 'Tonia', '4');
INSERT INTO dependents (age, gender, relationship, name, dependeeID) VALUES ('4', 'F', 'est', 'Frayda', '35');
INSERT INTO dependents (age, gender, relationship, name, dependeeID) VALUES ('13', 'F', 'sed interdum', 'Reine', '11');
INSERT INTO dependents (age, gender, relationship, name, dependeeID) VALUES ('4', 'M', 'consequat metus', 'Amery', '49');
INSERT INTO dependents (age, gender, relationship, name, dependeeID) VALUES ('18', 'F', 'cubilia curae', 'Cyb', '38');
INSERT INTO dependents (age, gender, relationship, name, dependeeID) VALUES ('0', 'F', 'nulla justo', 'Monica', '26');
INSERT INTO dependents (age, gender, relationship, name, dependeeID) VALUES ('8', 'M', 'purus aliquet', 'Tully', '37');
INSERT INTO dependents (age, gender, relationship, name, dependeeID) VALUES ('17', 'F', 'nonummy integer', 'Ami', '42');
INSERT INTO dependents (age, gender, relationship, name, dependeeID) VALUES ('5', 'F', 'velit', 'Cristabel', '46');
INSERT INTO dependents (age, gender, relationship, name, dependeeID) VALUES ('13', 'M', 'et', 'Mendie', '2');
INSERT INTO dependents (age, gender, relationship, name, dependeeID) VALUES ('16', 'F', 'sapien sapien', 'Gelya', '31');
INSERT INTO dependents (age, gender, relationship, name, dependeeID) VALUES ('12', 'F', 'non', 'Bea', '11');
INSERT INTO dependents (age, gender, relationship, name, dependeeID) VALUES ('0', 'F', 'luctus et', 'Kaycee', '33');
INSERT INTO dependents (age, gender, relationship, name, dependeeID) VALUES ('3', 'F', 'id justo', 'Jacquelin', '4');
INSERT INTO dependents (age, gender, relationship, name, dependeeID) VALUES ('0', 'F', 'in faucibus', 'Ivonne', '44');
INSERT INTO dependents (age, gender, relationship, name, dependeeID) VALUES ('14', 'M', 'ornare', 'Filberto', '45');
INSERT INTO dependents (age, gender, relationship, name, dependeeID) VALUES ('12', 'M', 'etiam vel', 'Leonid', '21');
INSERT INTO dependents (age, gender, relationship, name, dependeeID) VALUES ('6', 'F', 'posuere', 'Maria', '12');
INSERT INTO dependents (age, gender, relationship, name, dependeeID) VALUES ('0', 'M', 'nulla', 'Jakie', '49');
INSERT INTO dependents (age, gender, relationship, name, dependeeID) VALUES ('0', 'F', 'proin', 'Virgina', '15');
INSERT INTO dependents (age, gender, relationship, name, dependeeID) VALUES ('16', 'M', 'purus eu', 'Ignacius', '50');
INSERT INTO dependents (age, gender, relationship, name, dependeeID) VALUES ('18', 'F', 'est congue', 'Yasmeen', '25');
INSERT INTO dependents (age, gender, relationship, name, dependeeID) VALUES ('13', 'M', 'scelerisque mauris', 'Tuck', '1');
INSERT INTO dependents (age, gender, relationship, name, dependeeID) VALUES ('10', 'F', 'nisi at', 'Bobbette', '43');
INSERT INTO dependents (age, gender, relationship, name, dependeeID) VALUES ('4', 'F', 'nullam molestie', 'Marcie', '8');
INSERT INTO dependents (age, gender, relationship, name, dependeeID) VALUES ('6', 'M', 'integer ac', 'Kylie', '18');
INSERT INTO dependents (age, gender, relationship, name, dependeeID) VALUES ('3', 'M', 'suspendisse', 'Camey', '9');
INSERT INTO dependents (age, gender, relationship, name, dependeeID) VALUES ('1', 'M', 'sit', 'Buddie', '27');
INSERT INTO dependents (age, gender, relationship, name, dependeeID) VALUES ('12', 'F', 'mi in', 'Heida', '47');
INSERT INTO dependents (age, gender, relationship, name, dependeeID) VALUES ('8', 'F', 'massa', 'Gerta', '29');
INSERT INTO dependents (age, gender, relationship, name, dependeeID) VALUES ('18', 'F', 'ipsum', 'Marsiella', '36');
INSERT INTO dependents (age, gender, relationship, name, dependeeID) VALUES ('5', 'M', 'pede', 'Briano', '6');
INSERT INTO dependents (age, gender, relationship, name, dependeeID) VALUES ('11', 'M', 'platea', 'Waylen', '48');
INSERT INTO dependents (age, gender, relationship, name, dependeeID) VALUES ('11', 'F', 'libero', 'Zorah', '26');
INSERT INTO dependents (age, gender, relationship, name, dependeeID) VALUES ('3', 'F', 'nulla elit', 'Odelia', '16');
INSERT INTO dependents (age, gender, relationship, name, dependeeID) VALUES ('11', 'F', 'molestie', 'Chantalle', '10');
INSERT INTO dependents (age, gender, relationship, name, dependeeID) VALUES ('9', 'M', 'quis', 'Rockwell', '24');
INSERT INTO dependents (age, gender, relationship, name, dependeeID) VALUES ('7', 'F', 'vestibulum', 'Gilberta', '7');
INSERT INTO dependents (age, gender, relationship, name, dependeeID) VALUES ('11', 'F', 'vulputate luctus', 'Tandie', '46');
INSERT INTO dependents (age, gender, relationship, name, dependeeID) VALUES ('12', 'F', 'urna ut', 'Tania', '25');
INSERT INTO dependents (age, gender, relationship, name, dependeeID) VALUES ('2', 'M', 'vulputate elementum', 'Nikolai', '45');
INSERT INTO dependents (age, gender, relationship, name, dependeeID) VALUES ('11', 'M', 'curabitur at', 'Stanislaus', '1');
INSERT INTO dependents (age, gender, relationship, name, dependeeID) VALUES ('2', 'M', 'molestie', 'Luis', '36');
INSERT INTO dependents (age, gender, relationship, name, dependeeID) VALUES ('2', 'M', 'rhoncus dui', 'Ruttger', '23');
INSERT INTO dependents (age, gender, relationship, name, dependeeID) VALUES ('14', 'M', 'maecenas pulvinar', 'Art', '30');
INSERT INTO dependents (age, gender, relationship, name, dependeeID) VALUES ('2', 'M', 'justo', 'Vidovik', '13');
INSERT INTO dependents (age, gender, relationship, name, dependeeID) VALUES ('0', 'M', 'proin', 'Angel', '50');
INSERT INTO dependents (age, gender, relationship, name, dependeeID) VALUES ('3', 'M', 'a', 'Jon', '8');
INSERT INTO dependents (age, gender, relationship, name, dependeeID) VALUES ('17', 'F', 'nunc', 'Elisabeth', '3');
INSERT INTO dependents (age, gender, relationship, name, dependeeID) VALUES ('11', 'M', 'sed augue', 'Hervey', '42');
INSERT INTO dependents (age, gender, relationship, name, dependeeID) VALUES ('14', 'F', 'in', 'Lyndy', '12');

INSERT INTO communityEvent (eventID, venueCapacity, name, duration, date) VALUES ('1', '38', 'molestie', '8', '2024-03-23');
INSERT INTO communityEvent (eventID, venueCapacity, name, duration, date) VALUES ('2', '168', 'non quam', '8', '2023-10-02');
INSERT INTO communityEvent (eventID, venueCapacity, name, duration, date) VALUES ('3', '137', 'sagittis dui', '1', '2024-04-11');
INSERT INTO communityEvent (eventID, venueCapacity, name, duration, date) VALUES ('4', '59', 'libero non', '6', '2023-12-23');
INSERT INTO communityEvent (eventID, venueCapacity, name, duration, date) VALUES ('5', '118', 'cum sociis', '4', '2023-08-31');
INSERT INTO communityEvent (eventID, venueCapacity, name, duration, date) VALUES ('6', '58', 'ultricies eu', '1', '2023-06-09');
INSERT INTO communityEvent (eventID, venueCapacity, name, duration, date) VALUES ('7', '162', 'mauris sit', '5', '2024-04-08');
INSERT INTO communityEvent (eventID, venueCapacity, name, duration, date) VALUES ('8', '129', 'volutpat', '7', '2023-12-16');
INSERT INTO communityEvent (eventID, venueCapacity, name, duration, date) VALUES ('9', '5', 'sagittis dui', '3', '2023-09-07');
INSERT INTO communityEvent (eventID, venueCapacity, name, duration, date) VALUES ('10', '61', 'nec condimentum', '3', '2023-06-05');
INSERT INTO communityEvent (eventID, venueCapacity, name, duration, date) VALUES ('11', '105', 'augue', '4', '2024-05-21');
INSERT INTO communityEvent (eventID, venueCapacity, name, duration, date) VALUES ('12', '126', 'in est', '4', '2023-11-19');
INSERT INTO communityEvent (eventID, venueCapacity, name, duration, date) VALUES ('13', '16', 'at', '7', '2024-03-17');
INSERT INTO communityEvent (eventID, venueCapacity, name, duration, date) VALUES ('14', '177', 'id', '2', '2023-07-12');
INSERT INTO communityEvent (eventID, venueCapacity, name, duration, date) VALUES ('15', '129', 'donec diam', '8', '2023-09-15');
INSERT INTO communityEvent (eventID, venueCapacity, name, duration, date) VALUES ('16', '74', 'maecenas pulvinar', '3', '2023-07-06');
INSERT INTO communityEvent (eventID, venueCapacity, name, duration, date) VALUES ('17', '141', 'in', '8', '2023-08-15');
INSERT INTO communityEvent (eventID, venueCapacity, name, duration, date) VALUES ('18', '98', 'vehicula', '2', '2024-05-22');
INSERT INTO communityEvent (eventID, venueCapacity, name, duration, date) VALUES ('19', '118', 'mattis', '8', '2023-09-03');
INSERT INTO communityEvent (eventID, venueCapacity, name, duration, date) VALUES ('20', '179', 'pede', '7', '2023-09-18');
INSERT INTO communityEvent (eventID, venueCapacity, name, duration, date) VALUES ('21', '40', 'purus phasellus', '2', '2024-05-14');
INSERT INTO communityEvent (eventID, venueCapacity, name, duration, date) VALUES ('22', '91', 'hac', '3', '2024-02-16');
INSERT INTO communityEvent (eventID, venueCapacity, name, duration, date) VALUES ('23', '147', 'duis', '4', '2024-01-12');
INSERT INTO communityEvent (eventID, venueCapacity, name, duration, date) VALUES ('24', '39', 'amet', '3', '2023-10-27');
INSERT INTO communityEvent (eventID, venueCapacity, name, duration, date) VALUES ('25', '23', 'magnis', '4', '2023-10-22');
INSERT INTO communityEvent (eventID, venueCapacity, name, duration, date) VALUES ('26', '131', 'quam fringilla', '1', '2024-05-02');
INSERT INTO communityEvent (eventID, venueCapacity, name, duration, date) VALUES ('27', '106', 'suscipit a', '4', '2023-12-13');
INSERT INTO communityEvent (eventID, venueCapacity, name, duration, date) VALUES ('28', '122', 'luctus', '2', '2024-01-24');
INSERT INTO communityEvent (eventID, venueCapacity, name, duration, date) VALUES ('29', '192', 'phasellus in', '4', '2023-12-22');
INSERT INTO communityEvent (eventID, venueCapacity, name, duration, date) VALUES ('30', '26', 'tristique', '6', '2024-03-05');
INSERT INTO communityEvent (eventID, venueCapacity, name, duration, date) VALUES ('31', '127', 'nulla', '3', '2023-12-09');
INSERT INTO communityEvent (eventID, venueCapacity, name, duration, date) VALUES ('32', '28', 'erat', '2', '2023-11-09');
INSERT INTO communityEvent (eventID, venueCapacity, name, duration, date) VALUES ('33', '42', 'orci vehicula', '8', '2024-04-16');
INSERT INTO communityEvent (eventID, venueCapacity, name, duration, date) VALUES ('34', '145', 'sociis natoque', '5', '2024-04-09');
INSERT INTO communityEvent (eventID, venueCapacity, name, duration, date) VALUES ('35', '156', 'sem fusce', '7', '2024-02-15');
INSERT INTO communityEvent (eventID, venueCapacity, name, duration, date) VALUES ('36', '99', 'sapien', '6', '2024-02-10');
INSERT INTO communityEvent (eventID, venueCapacity, name, duration, date) VALUES ('37', '172', 'facilisi', '1', '2023-10-03');
INSERT INTO communityEvent (eventID, venueCapacity, name, duration, date) VALUES ('38', '78', 'est', '1', '2024-03-20');
INSERT INTO communityEvent (eventID, venueCapacity, name, duration, date) VALUES ('39', '32', 'enim', '4', '2024-04-11');
INSERT INTO communityEvent (eventID, venueCapacity, name, duration, date) VALUES ('40', '127', 'ac lobortis', '6', '2023-10-25');
INSERT INTO communityEvent (eventID, venueCapacity, name, duration, date) VALUES ('41', '140', 'vitae nisl', '8', '2023-11-28');
INSERT INTO communityEvent (eventID, venueCapacity, name, duration, date) VALUES ('42', '182', 'libero non', '1', '2023-07-19');
INSERT INTO communityEvent (eventID, venueCapacity, name, duration, date) VALUES ('43', '80', 'enim blandit', '5', '2023-08-31');
INSERT INTO communityEvent (eventID, venueCapacity, name, duration, date) VALUES ('44', '92', 'porttitor lacus', '1', '2023-08-17');
INSERT INTO communityEvent (eventID, venueCapacity, name, duration, date) VALUES ('45', '29', 'vestibulum rutrum', '4', '2023-08-30');
INSERT INTO communityEvent (eventID, venueCapacity, name, duration, date) VALUES ('46', '109', 'ante ipsum', '5', '2024-03-28');
INSERT INTO communityEvent (eventID, venueCapacity, name, duration, date) VALUES ('47', '35', 'vestibulum aliquet', '3', '2023-08-23');
INSERT INTO communityEvent (eventID, venueCapacity, name, duration, date) VALUES ('48', '196', 'ullamcorper augue', '7', '2024-03-29');
INSERT INTO communityEvent (eventID, venueCapacity, name, duration, date) VALUES ('49', '96', 'rutrum', '6', '2024-05-16');
INSERT INTO communityEvent (eventID, venueCapacity, name, duration, date) VALUES ('50', '139', 'at velit', '3', '2023-10-30');
INSERT INTO communityEvent (eventID, venueCapacity, name, duration, date) VALUES ('51', '149', 'sed augue', '4', '2024-06-02');
INSERT INTO communityEvent (eventID, venueCapacity, name, duration, date) VALUES ('52', '151', 'convallis tortor', '4', '2023-08-20');
INSERT INTO communityEvent (eventID, venueCapacity, name, duration, date) VALUES ('53', '129', 'amet consectetuer', '6', '2023-09-07');
INSERT INTO communityEvent (eventID, venueCapacity, name, duration, date) VALUES ('54', '87', 'laoreet ut', '1', '2024-04-15');
INSERT INTO communityEvent (eventID, venueCapacity, name, duration, date) VALUES ('55', '98', 'erat', '6', '2024-05-05');
INSERT INTO communityEvent (eventID, venueCapacity, name, duration, date) VALUES ('56', '38', 'elementum ligula', '3', '2023-06-10');
INSERT INTO communityEvent (eventID, venueCapacity, name, duration, date) VALUES ('57', '185', 'platea dictumst', '4', '2024-05-05');
INSERT INTO communityEvent (eventID, venueCapacity, name, duration, date) VALUES ('58', '191', 'mauris', '1', '2024-03-16');
INSERT INTO communityEvent (eventID, venueCapacity, name, duration, date) VALUES ('59', '44', 'potenti cras', '3', '2023-07-04');
INSERT INTO communityEvent (eventID, venueCapacity, name, duration, date) VALUES ('60', '54', 'donec', '6', '2024-01-09');
INSERT INTO communityEvent (eventID, venueCapacity, name, duration, date) VALUES ('61', '129', 'etiam faucibus', '3', '2024-04-03');
INSERT INTO communityEvent (eventID, venueCapacity, name, duration, date) VALUES ('62', '67', 'vitae nisl', '2', '2023-10-30');
INSERT INTO communityEvent (eventID, venueCapacity, name, duration, date) VALUES ('63', '22', 'eget tempus', '1', '2024-01-25');
INSERT INTO communityEvent (eventID, venueCapacity, name, duration, date) VALUES ('64', '192', 'cubilia curae', '1', '2023-08-23');
INSERT INTO communityEvent (eventID, venueCapacity, name, duration, date) VALUES ('65', '53', 'convallis', '4', '2024-05-04');
INSERT INTO communityEvent (eventID, venueCapacity, name, duration, date) VALUES ('66', '166', 'aliquam', '3', '2024-02-08');
INSERT INTO communityEvent (eventID, venueCapacity, name, duration, date) VALUES ('67', '190', 'erat eros', '5', '2023-06-26');
INSERT INTO communityEvent (eventID, venueCapacity, name, duration, date) VALUES ('68', '161', 'ultrices', '4', '2023-06-08');
INSERT INTO communityEvent (eventID, venueCapacity, name, duration, date) VALUES ('69', '32', 'dapibus at', '5', '2023-09-07');
INSERT INTO communityEvent (eventID, venueCapacity, name, duration, date) VALUES ('70', '140', 'curae mauris', '7', '2023-12-05');
INSERT INTO communityEvent (eventID, venueCapacity, name, duration, date) VALUES ('71', '151', 'sapien', '4', '2024-01-09');
INSERT INTO communityEvent (eventID, venueCapacity, name, duration, date) VALUES ('72', '91', 'ac', '8', '2023-08-17');
INSERT INTO communityEvent (eventID, venueCapacity, name, duration, date) VALUES ('73', '170', 'velit vivamus', '8', '2024-02-03');
INSERT INTO communityEvent (eventID, venueCapacity, name, duration, date) VALUES ('74', '70', 'mauris non', '6', '2023-12-31');
INSERT INTO communityEvent (eventID, venueCapacity, name, duration, date) VALUES ('75', '58', 'nulla', '3', '2023-12-22');
INSERT INTO communityEvent (eventID, venueCapacity, name, duration, date) VALUES ('76', '25', 'primis', '2', '2023-10-30');
INSERT INTO communityEvent (eventID, venueCapacity, name, duration, date) VALUES ('77', '55', 'faucibus', '7', '2023-08-01');
INSERT INTO communityEvent (eventID, venueCapacity, name, duration, date) VALUES ('78', '90', 'in', '3', '2024-01-31');
INSERT INTO communityEvent (eventID, venueCapacity, name, duration, date) VALUES ('79', '8', 'orci luctus', '7', '2023-06-17');
INSERT INTO communityEvent (eventID, venueCapacity, name, duration, date) VALUES ('80', '171', 'varius', '4', '2023-12-30');
INSERT INTO communityEvent (eventID, venueCapacity, name, duration, date) VALUES ('81', '185', 'ultrices', '2', '2023-06-29');
INSERT INTO communityEvent (eventID, venueCapacity, name, duration, date) VALUES ('82', '178', 'cras', '2', '2023-12-27');
INSERT INTO communityEvent (eventID, venueCapacity, name, duration, date) VALUES ('83', '193', 'morbi a', '7', '2023-12-29');
INSERT INTO communityEvent (eventID, venueCapacity, name, duration, date) VALUES ('84', '57', 'purus eu', '2', '2023-12-08');
INSERT INTO communityEvent (eventID, venueCapacity, name, duration, date) VALUES ('85', '178', 'nibh', '6', '2023-12-10');
INSERT INTO communityEvent (eventID, venueCapacity, name, duration, date) VALUES ('86', '170', 'imperdiet', '6', '2024-05-28');
INSERT INTO communityEvent (eventID, venueCapacity, name, duration, date) VALUES ('87', '192', 'morbi', '2', '2023-10-18');
INSERT INTO communityEvent (eventID, venueCapacity, name, duration, date) VALUES ('88', '28', 'justo in', '1', '2023-07-15');
INSERT INTO communityEvent (eventID, venueCapacity, name, duration, date) VALUES ('89', '188', 'velit', '3', '2024-01-14');
INSERT INTO communityEvent (eventID, venueCapacity, name, duration, date) VALUES ('90', '163', 'integer', '7', '2023-10-15');
INSERT INTO communityEvent (eventID, venueCapacity, name, duration, date) VALUES ('91', '114', 'ac', '1', '2023-09-19');
INSERT INTO communityEvent (eventID, venueCapacity, name, duration, date) VALUES ('92', '73', 'enim', '8', '2024-03-27');
INSERT INTO communityEvent (eventID, venueCapacity, name, duration, date) VALUES ('93', '55', 'a', '4', '2023-09-18');
INSERT INTO communityEvent (eventID, venueCapacity, name, duration, date) VALUES ('94', '133', 'consequat lectus', '5', '2023-08-11');
INSERT INTO communityEvent (eventID, venueCapacity, name, duration, date) VALUES ('95', '103', 'interdum', '8', '2023-09-23');
INSERT INTO communityEvent (eventID, venueCapacity, name, duration, date) VALUES ('96', '75', 'ac', '8', '2023-11-30');
INSERT INTO communityEvent (eventID, venueCapacity, name, duration, date) VALUES ('97', '47', 'vulputate luctus', '6', '2024-03-30');
INSERT INTO communityEvent (eventID, venueCapacity, name, duration, date) VALUES ('98', '155', 'enim', '1', '2023-09-08');
INSERT INTO communityEvent (eventID, venueCapacity, name, duration, date) VALUES ('99', '200', 'morbi', '2', '2024-01-12');
INSERT INTO communityEvent (eventID, venueCapacity, name, duration, date) VALUES ('100', '30', 'et eros', '1', '2023-08-17');
INSERT INTO communityEvent (eventID, venueCapacity, name, duration, date) VALUES ('101', '192', 'volutpat', '8', '2023-10-21');
INSERT INTO communityEvent (eventID, venueCapacity, name, duration, date) VALUES ('102', '125', 'in congue', '4', '2023-10-20');
INSERT INTO communityEvent (eventID, venueCapacity, name, duration, date) VALUES ('103', '177', 'vulputate', '4', '2023-10-18');
INSERT INTO communityEvent (eventID, venueCapacity, name, duration, date) VALUES ('104', '114', 'pharetra magna', '2', '2023-10-14');
INSERT INTO communityEvent (eventID, venueCapacity, name, duration, date) VALUES ('105', '106', 'pede malesuada', '8', '2023-12-11');
INSERT INTO communityEvent (eventID, venueCapacity, name, duration, date) VALUES ('106', '11', 'tempus', '8', '2023-11-22');
INSERT INTO communityEvent (eventID, venueCapacity, name, duration, date) VALUES ('107', '155', 'cum sociis', '4', '2023-08-02');
INSERT INTO communityEvent (eventID, venueCapacity, name, duration, date) VALUES ('108', '134', 'non', '1', '2024-03-04');
INSERT INTO communityEvent (eventID, venueCapacity, name, duration, date) VALUES ('109', '193', 'nisl', '2', '2024-01-15');
INSERT INTO communityEvent (eventID, venueCapacity, name, duration, date) VALUES ('110', '190', 'sapien non', '7', '2023-12-01');
INSERT INTO communityEvent (eventID, venueCapacity, name, duration, date) VALUES ('111', '88', 'pellentesque at', '6', '2023-10-19');
INSERT INTO communityEvent (eventID, venueCapacity, name, duration, date) VALUES ('112', '89', 'malesuada', '5', '2023-10-22');
INSERT INTO communityEvent (eventID, venueCapacity, name, duration, date) VALUES ('113', '2', 'mauris', '4', '2024-05-30');
INSERT INTO communityEvent (eventID, venueCapacity, name, duration, date) VALUES ('114', '45', 'sed lacus', '5', '2023-10-15');
INSERT INTO communityEvent (eventID, venueCapacity, name, duration, date) VALUES ('115', '134', 'ultricies eu', '7', '2023-09-18');
INSERT INTO communityEvent (eventID, venueCapacity, name, duration, date) VALUES ('116', '69', 'faucibus orci', '8', '2024-01-19');
INSERT INTO communityEvent (eventID, venueCapacity, name, duration, date) VALUES ('117', '76', 'eu', '6', '2023-07-12');
INSERT INTO communityEvent (eventID, venueCapacity, name, duration, date) VALUES ('118', '86', 'velit donec', '2', '2023-08-22');
INSERT INTO communityEvent (eventID, venueCapacity, name, duration, date) VALUES ('119', '132', 'mauris', '5', '2023-10-17');
INSERT INTO communityEvent (eventID, venueCapacity, name, duration, date) VALUES ('120', '151', 'sem mauris', '5', '2023-08-04');
INSERT INTO communityEvent (eventID, venueCapacity, name, duration, date) VALUES ('121', '142', 'tincidunt eget', '2', '2024-05-20');
INSERT INTO communityEvent (eventID, venueCapacity, name, duration, date) VALUES ('122', '46', 'orci luctus', '7', '2023-08-16');
INSERT INTO communityEvent (eventID, venueCapacity, name, duration, date) VALUES ('123', '140', 'pellentesque quisque', '5', '2023-08-05');
INSERT INTO communityEvent (eventID, venueCapacity, name, duration, date) VALUES ('124', '66', 'morbi', '3', '2024-05-19');
INSERT INTO communityEvent (eventID, venueCapacity, name, duration, date) VALUES ('125', '64', 'blandit', '6', '2024-03-23');
INSERT INTO communityEvent (eventID, venueCapacity, name, duration, date) VALUES ('126', '33', 'donec ut', '5', '2023-07-22');
INSERT INTO communityEvent (eventID, venueCapacity, name, duration, date) VALUES ('127', '3', 'amet consectetuer', '8', '2024-01-22');
INSERT INTO communityEvent (eventID, venueCapacity, name, duration, date) VALUES ('128', '200', 'donec posuere', '4', '2023-07-30');
INSERT INTO communityEvent (eventID, venueCapacity, name, duration, date) VALUES ('129', '138', 'dolor sit', '2', '2024-02-01');
INSERT INTO communityEvent (eventID, venueCapacity, name, duration, date) VALUES ('130', '153', 'commodo vulputate', '8', '2024-02-04');
INSERT INTO communityEvent (eventID, venueCapacity, name, duration, date) VALUES ('131', '62', 'a pede', '8', '2023-09-21');
INSERT INTO communityEvent (eventID, venueCapacity, name, duration, date) VALUES ('132', '108', 'nulla', '4', '2024-01-28');
INSERT INTO communityEvent (eventID, venueCapacity, name, duration, date) VALUES ('133', '121', 'vivamus in', '6', '2024-01-04');
INSERT INTO communityEvent (eventID, venueCapacity, name, duration, date) VALUES ('134', '116', 'nisl', '3', '2023-09-28');
INSERT INTO communityEvent (eventID, venueCapacity, name, duration, date) VALUES ('135', '91', 'ipsum', '1', '2023-12-06');
INSERT INTO communityEvent (eventID, venueCapacity, name, duration, date) VALUES ('136', '188', 'gravida nisi', '1', '2023-06-06');
INSERT INTO communityEvent (eventID, venueCapacity, name, duration, date) VALUES ('137', '49', 'ut massa', '6', '2024-01-02');
INSERT INTO communityEvent (eventID, venueCapacity, name, duration, date) VALUES ('138', '118', 'in quis', '5', '2024-02-24');
INSERT INTO communityEvent (eventID, venueCapacity, name, duration, date) VALUES ('139', '142', 'pede venenatis', '6', '2024-04-15');
INSERT INTO communityEvent (eventID, venueCapacity, name, duration, date) VALUES ('140', '128', 'porttitor lacus', '5', '2024-02-08');
INSERT INTO communityEvent (eventID, venueCapacity, name, duration, date) VALUES ('141', '160', 'dolor vel', '3', '2023-12-23');
INSERT INTO communityEvent (eventID, venueCapacity, name, duration, date) VALUES ('142', '198', 'penatibus', '3', '2023-10-10');
INSERT INTO communityEvent (eventID, venueCapacity, name, duration, date) VALUES ('143', '24', 'volutpat', '3', '2023-06-17');
INSERT INTO communityEvent (eventID, venueCapacity, name, duration, date) VALUES ('144', '25', 'cum sociis', '6', '2023-12-24');
INSERT INTO communityEvent (eventID, venueCapacity, name, duration, date) VALUES ('145', '191', 'dapibus', '7', '2023-12-13');
INSERT INTO communityEvent (eventID, venueCapacity, name, duration, date) VALUES ('146', '54', 'diam in', '5', '2024-05-15');
INSERT INTO communityEvent (eventID, venueCapacity, name, duration, date) VALUES ('147', '16', 'eget congue', '1', '2023-10-11');
INSERT INTO communityEvent (eventID, venueCapacity, name, duration, date) VALUES ('148', '166', 'turpis donec', '1', '2023-09-17');
INSERT INTO communityEvent (eventID, venueCapacity, name, duration, date) VALUES ('149', '132', 'interdum mauris', '5', '2024-05-16');
INSERT INTO communityEvent (eventID, venueCapacity, name, duration, date) VALUES ('150', '105', 'velit eu', '6', '2024-02-25');
INSERT INTO communityEvent (eventID, venueCapacity, name, duration, date) VALUES ('151', '90', 'nibh in', '4', '2023-11-14');
INSERT INTO communityEvent (eventID, venueCapacity, name, duration, date) VALUES ('152', '29', 'est', '8', '2023-09-11');
INSERT INTO communityEvent (eventID, venueCapacity, name, duration, date) VALUES ('153', '180', 'natoque', '1', '2024-05-30');
INSERT INTO communityEvent (eventID, venueCapacity, name, duration, date) VALUES ('154', '53', 'id', '6', '2023-10-25');
INSERT INTO communityEvent (eventID, venueCapacity, name, duration, date) VALUES ('155', '77', 'sociis', '4', '2023-07-07');
INSERT INTO communityEvent (eventID, venueCapacity, name, duration, date) VALUES ('156', '4', 'quam turpis', '8', '2023-08-15');
INSERT INTO communityEvent (eventID, venueCapacity, name, duration, date) VALUES ('157', '42', 'velit id', '4', '2023-09-01');
INSERT INTO communityEvent (eventID, venueCapacity, name, duration, date) VALUES ('158', '128', 'vivamus vestibulum', '4', '2023-08-24');
INSERT INTO communityEvent (eventID, venueCapacity, name, duration, date) VALUES ('159', '183', 'eu', '5', '2023-12-14');
INSERT INTO communityEvent (eventID, venueCapacity, name, duration, date) VALUES ('160', '14', 'turpis', '4', '2024-02-07');
INSERT INTO communityEvent (eventID, venueCapacity, name, duration, date) VALUES ('161', '87', 'maecenas ut', '2', '2024-02-05');
INSERT INTO communityEvent (eventID, venueCapacity, name, duration, date) VALUES ('162', '47', 'consequat', '7', '2024-05-06');
INSERT INTO communityEvent (eventID, venueCapacity, name, duration, date) VALUES ('163', '104', 'at nibh', '3', '2023-10-21');
INSERT INTO communityEvent (eventID, venueCapacity, name, duration, date) VALUES ('164', '139', 'sed vel', '6', '2023-06-24');
INSERT INTO communityEvent (eventID, venueCapacity, name, duration, date) VALUES ('165', '60', 'eu', '5', '2024-05-09');
INSERT INTO communityEvent (eventID, venueCapacity, name, duration, date) VALUES ('166', '30', 'sit', '7', '2023-08-26');
INSERT INTO communityEvent (eventID, venueCapacity, name, duration, date) VALUES ('167', '98', 'ac', '8', '2024-04-12');
INSERT INTO communityEvent (eventID, venueCapacity, name, duration, date) VALUES ('168', '20', 'pellentesque quisque', '5', '2024-03-02');
INSERT INTO communityEvent (eventID, venueCapacity, name, duration, date) VALUES ('169', '69', 'diam nam', '7', '2024-01-10');
INSERT INTO communityEvent (eventID, venueCapacity, name, duration, date) VALUES ('170', '2', 'parturient', '8', '2023-06-27');
INSERT INTO communityEvent (eventID, venueCapacity, name, duration, date) VALUES ('171', '63', 'pulvinar', '1', '2023-09-25');
INSERT INTO communityEvent (eventID, venueCapacity, name, duration, date) VALUES ('172', '92', 'cubilia', '3', '2024-04-02');
INSERT INTO communityEvent (eventID, venueCapacity, name, duration, date) VALUES ('173', '191', 'odio', '6', '2023-11-27');
INSERT INTO communityEvent (eventID, venueCapacity, name, duration, date) VALUES ('174', '63', 'erat', '3', '2023-06-10');
INSERT INTO communityEvent (eventID, venueCapacity, name, duration, date) VALUES ('175', '94', 'integer pede', '5', '2023-10-22');
INSERT INTO communityEvent (eventID, venueCapacity, name, duration, date) VALUES ('176', '3', 'sit amet', '5', '2023-08-22');
INSERT INTO communityEvent (eventID, venueCapacity, name, duration, date) VALUES ('177', '20', 'enim', '8', '2023-12-17');
INSERT INTO communityEvent (eventID, venueCapacity, name, duration, date) VALUES ('178', '87', 'maecenas pulvinar', '7', '2023-06-20');
INSERT INTO communityEvent (eventID, venueCapacity, name, duration, date) VALUES ('179', '50', 'adipiscing', '8', '2024-03-13');
INSERT INTO communityEvent (eventID, venueCapacity, name, duration, date) VALUES ('180', '58', 'enim', '6', '2023-11-27');
INSERT INTO communityEvent (eventID, venueCapacity, name, duration, date) VALUES ('181', '74', 'platea', '7', '2024-04-27');
INSERT INTO communityEvent (eventID, venueCapacity, name, duration, date) VALUES ('182', '132', 'morbi non', '8', '2024-03-03');
INSERT INTO communityEvent (eventID, venueCapacity, name, duration, date) VALUES ('183', '82', 'amet eleifend', '5', '2023-10-18');
INSERT INTO communityEvent (eventID, venueCapacity, name, duration, date) VALUES ('184', '143', 'phasellus', '4', '2024-02-28');
INSERT INTO communityEvent (eventID, venueCapacity, name, duration, date) VALUES ('185', '136', 'metus', '8', '2024-03-18');
INSERT INTO communityEvent (eventID, venueCapacity, name, duration, date) VALUES ('186', '153', 'cubilia curae', '7', '2023-06-23');
INSERT INTO communityEvent (eventID, venueCapacity, name, duration, date) VALUES ('187', '103', 'sollicitudin', '6', '2024-01-18');
INSERT INTO communityEvent (eventID, venueCapacity, name, duration, date) VALUES ('188', '59', 'amet lobortis', '7', '2023-08-15');
INSERT INTO communityEvent (eventID, venueCapacity, name, duration, date) VALUES ('189', '54', 'rhoncus', '2', '2024-04-03');
INSERT INTO communityEvent (eventID, venueCapacity, name, duration, date) VALUES ('190', '55', 'consequat', '3', '2023-11-14');
INSERT INTO communityEvent (eventID, venueCapacity, name, duration, date) VALUES ('191', '59', 'donec', '7', '2024-03-24');
INSERT INTO communityEvent (eventID, venueCapacity, name, duration, date) VALUES ('192', '167', 'augue a', '1', '2024-01-26');
INSERT INTO communityEvent (eventID, venueCapacity, name, duration, date) VALUES ('193', '10', 'etiam', '7', '2024-01-06');
INSERT INTO communityEvent (eventID, venueCapacity, name, duration, date) VALUES ('194', '141', 'id', '7', '2023-08-19');
INSERT INTO communityEvent (eventID, venueCapacity, name, duration, date) VALUES ('195', '3', 'convallis', '3', '2024-04-27');
INSERT INTO communityEvent (eventID, venueCapacity, name, duration, date) VALUES ('196', '125', 'diam', '2', '2024-03-19');
INSERT INTO communityEvent (eventID, venueCapacity, name, duration, date) VALUES ('197', '31', 'faucibus orci', '2', '2023-12-04');
INSERT INTO communityEvent (eventID, venueCapacity, name, duration, date) VALUES ('198', '5', 'ultrices enim', '5', '2024-04-30');
INSERT INTO communityEvent (eventID, venueCapacity, name, duration, date) VALUES ('199', '87', 'at', '3', '2023-07-05');
INSERT INTO communityEvent (eventID, venueCapacity, name, duration, date) VALUES ('200', '77', 'neque', '2', '2023-09-25');
INSERT INTO communityEvent (eventID, venueCapacity, name, duration, date) VALUES ('201', '112', 'vitae', '7', '2024-04-25');
INSERT INTO communityEvent (eventID, venueCapacity, name, duration, date) VALUES ('202', '120', 'non', '6', '2023-07-09');
INSERT INTO communityEvent (eventID, venueCapacity, name, duration, date) VALUES ('203', '51', 'adipiscing molestie', '8', '2023-06-13');
INSERT INTO communityEvent (eventID, venueCapacity, name, duration, date) VALUES ('204', '81', 'scelerisque quam', '5', '2023-07-28');
INSERT INTO communityEvent (eventID, venueCapacity, name, duration, date) VALUES ('205', '146', 'et commodo', '5', '2023-07-30');
INSERT INTO communityEvent (eventID, venueCapacity, name, duration, date) VALUES ('206', '66', 'duis', '2', '2023-06-27');
INSERT INTO communityEvent (eventID, venueCapacity, name, duration, date) VALUES ('207', '69', 'non ligula', '3', '2023-11-08');
INSERT INTO communityEvent (eventID, venueCapacity, name, duration, date) VALUES ('208', '59', 'aliquam lacus', '1', '2024-01-16');
INSERT INTO communityEvent (eventID, venueCapacity, name, duration, date) VALUES ('209', '111', 'at', '7', '2023-06-12');
INSERT INTO communityEvent (eventID, venueCapacity, name, duration, date) VALUES ('210', '89', 'pellentesque', '2', '2023-08-24');
INSERT INTO communityEvent (eventID, venueCapacity, name, duration, date) VALUES ('211', '117', 'nibh quisque', '3', '2023-12-31');
INSERT INTO communityEvent (eventID, venueCapacity, name, duration, date) VALUES ('212', '89', 'mauris', '2', '2024-02-10');
INSERT INTO communityEvent (eventID, venueCapacity, name, duration, date) VALUES ('213', '31', 'pede justo', '8', '2024-05-17');
INSERT INTO communityEvent (eventID, venueCapacity, name, duration, date) VALUES ('214', '136', 'tristique', '7', '2024-03-11');
INSERT INTO communityEvent (eventID, venueCapacity, name, duration, date) VALUES ('215', '161', 'aliquam', '5', '2023-11-18');
INSERT INTO communityEvent (eventID, venueCapacity, name, duration, date) VALUES ('216', '158', 'donec dapibus', '4', '2024-03-15');
INSERT INTO communityEvent (eventID, venueCapacity, name, duration, date) VALUES ('217', '191', 'donec', '8', '2023-07-25');
INSERT INTO communityEvent (eventID, venueCapacity, name, duration, date) VALUES ('218', '107', 'in', '7', '2024-03-24');
INSERT INTO communityEvent (eventID, venueCapacity, name, duration, date) VALUES ('219', '31', 'platea', '8', '2024-02-03');
INSERT INTO communityEvent (eventID, venueCapacity, name, duration, date) VALUES ('220', '18', 'ultrices vel', '2', '2024-04-25');
INSERT INTO communityEvent (eventID, venueCapacity, name, duration, date) VALUES ('221', '16', 'amet', '3', '2024-04-07');
INSERT INTO communityEvent (eventID, venueCapacity, name, duration, date) VALUES ('222', '135', 'amet', '7', '2024-03-17');
INSERT INTO communityEvent (eventID, venueCapacity, name, duration, date) VALUES ('223', '123', 'integer tincidunt', '5', '2024-03-17');
INSERT INTO communityEvent (eventID, venueCapacity, name, duration, date) VALUES ('224', '41', 'pede', '1', '2024-01-05');
INSERT INTO communityEvent (eventID, venueCapacity, name, duration, date) VALUES ('225', '60', 'luctus', '5', '2024-03-26');
INSERT INTO communityEvent (eventID, venueCapacity, name, duration, date) VALUES ('226', '39', 'nulla tempus', '7', '2023-10-01');
INSERT INTO communityEvent (eventID, venueCapacity, name, duration, date) VALUES ('227', '11', 'amet', '1', '2024-03-21');
INSERT INTO communityEvent (eventID, venueCapacity, name, duration, date) VALUES ('228', '112', 'lacus', '6', '2024-03-05');
INSERT INTO communityEvent (eventID, venueCapacity, name, duration, date) VALUES ('229', '152', 'penatibus', '3', '2024-03-03');
INSERT INTO communityEvent (eventID, venueCapacity, name, duration, date) VALUES ('230', '104', 'varius ut', '6', '2023-10-17');
INSERT INTO communityEvent (eventID, venueCapacity, name, duration, date) VALUES ('231', '104', 'amet', '6', '2023-07-19');
INSERT INTO communityEvent (eventID, venueCapacity, name, duration, date) VALUES ('232', '137', 'eleifend', '4', '2024-02-28');
INSERT INTO communityEvent (eventID, venueCapacity, name, duration, date) VALUES ('233', '29', 'ultrices vel', '3', '2023-12-16');
INSERT INTO communityEvent (eventID, venueCapacity, name, duration, date) VALUES ('234', '133', 'duis', '4', '2024-02-19');
INSERT INTO communityEvent (eventID, venueCapacity, name, duration, date) VALUES ('235', '27', 'mauris enim', '7', '2023-10-04');
INSERT INTO communityEvent (eventID, venueCapacity, name, duration, date) VALUES ('236', '117', 'amet', '4', '2024-04-17');
INSERT INTO communityEvent (eventID, venueCapacity, name, duration, date) VALUES ('237', '100', 'amet sem', '5', '2023-07-30');
INSERT INTO communityEvent (eventID, venueCapacity, name, duration, date) VALUES ('238', '17', 'sed vel', '2', '2023-09-29');
INSERT INTO communityEvent (eventID, venueCapacity, name, duration, date) VALUES ('239', '74', 'egestas', '8', '2024-05-19');
INSERT INTO communityEvent (eventID, venueCapacity, name, duration, date) VALUES ('240', '6', 'justo maecenas', '6', '2023-10-09');
INSERT INTO communityEvent (eventID, venueCapacity, name, duration, date) VALUES ('241', '195', 'nunc', '6', '2024-02-21');
INSERT INTO communityEvent (eventID, venueCapacity, name, duration, date) VALUES ('242', '87', 'augue a', '6', '2023-08-12');
INSERT INTO communityEvent (eventID, venueCapacity, name, duration, date) VALUES ('243', '61', 'ipsum', '7', '2023-09-23');
INSERT INTO communityEvent (eventID, venueCapacity, name, duration, date) VALUES ('244', '158', 'fringilla', '6', '2024-04-15');
INSERT INTO communityEvent (eventID, venueCapacity, name, duration, date) VALUES ('245', '180', 'ligula pellentesque', '1', '2024-02-04');
INSERT INTO communityEvent (eventID, venueCapacity, name, duration, date) VALUES ('246', '9', 'vel sem', '3', '2023-12-22');
INSERT INTO communityEvent (eventID, venueCapacity, name, duration, date) VALUES ('247', '153', 'odio', '3', '2024-04-09');
INSERT INTO communityEvent (eventID, venueCapacity, name, duration, date) VALUES ('248', '12', 'fringilla', '5', '2023-08-26');
INSERT INTO communityEvent (eventID, venueCapacity, name, duration, date) VALUES ('249', '163', 'luctus rutrum', '4', '2024-03-14');
INSERT INTO communityEvent (eventID, venueCapacity, name, duration, date) VALUES ('250', '166', 'cras pellentesque', '1', '2024-05-19');
INSERT INTO communityEvent (eventID, venueCapacity, name, duration, date) VALUES ('251', '132', 'mauris lacinia', '3', '2023-09-26');
INSERT INTO communityEvent (eventID, venueCapacity, name, duration, date) VALUES ('252', '160', 'pellentesque quisque', '8', '2023-10-30');
INSERT INTO communityEvent (eventID, venueCapacity, name, duration, date) VALUES ('253', '180', 'suspendisse potenti', '1', '2024-02-02');
INSERT INTO communityEvent (eventID, venueCapacity, name, duration, date) VALUES ('254', '23', 'amet', '1', '2023-07-03');
INSERT INTO communityEvent (eventID, venueCapacity, name, duration, date) VALUES ('255', '127', 'congue risus', '5', '2023-12-22');
INSERT INTO communityEvent (eventID, venueCapacity, name, duration, date) VALUES ('256', '21', 'proin risus', '4', '2024-04-05');
INSERT INTO communityEvent (eventID, venueCapacity, name, duration, date) VALUES ('257', '22', 'porttitor lorem', '8', '2023-08-05');
INSERT INTO communityEvent (eventID, venueCapacity, name, duration, date) VALUES ('258', '36', 'pellentesque ultrices', '3', '2024-05-03');
INSERT INTO communityEvent (eventID, venueCapacity, name, duration, date) VALUES ('259', '180', 'augue', '5', '2023-11-15');
INSERT INTO communityEvent (eventID, venueCapacity, name, duration, date) VALUES ('260', '96', 'at', '1', '2023-09-05');
INSERT INTO communityEvent (eventID, venueCapacity, name, duration, date) VALUES ('261', '20', 'metus', '5', '2024-05-05');
INSERT INTO communityEvent (eventID, venueCapacity, name, duration, date) VALUES ('262', '153', 'ut', '7', '2024-05-06');
INSERT INTO communityEvent (eventID, venueCapacity, name, duration, date) VALUES ('263', '200', 'velit', '4', '2024-05-09');
INSERT INTO communityEvent (eventID, venueCapacity, name, duration, date) VALUES ('264', '163', 'nisi', '4', '2024-05-05');
INSERT INTO communityEvent (eventID, venueCapacity, name, duration, date) VALUES ('265', '183', 'justo', '5', '2024-03-02');
INSERT INTO communityEvent (eventID, venueCapacity, name, duration, date) VALUES ('266', '40', 'etiam', '7', '2024-02-16');
INSERT INTO communityEvent (eventID, venueCapacity, name, duration, date) VALUES ('267', '52', 'tellus', '4', '2024-05-05');
INSERT INTO communityEvent (eventID, venueCapacity, name, duration, date) VALUES ('268', '186', 'at feugiat', '7', '2023-10-28');
INSERT INTO communityEvent (eventID, venueCapacity, name, duration, date) VALUES ('269', '159', 'viverra', '7', '2024-01-12');
INSERT INTO communityEvent (eventID, venueCapacity, name, duration, date) VALUES ('270', '194', 'sem', '1', '2024-03-12');
INSERT INTO communityEvent (eventID, venueCapacity, name, duration, date) VALUES ('271', '118', 'sit', '7', '2023-11-21');
INSERT INTO communityEvent (eventID, venueCapacity, name, duration, date) VALUES ('272', '128', 'ut', '3', '2024-03-04');
INSERT INTO communityEvent (eventID, venueCapacity, name, duration, date) VALUES ('273', '22', 'sodales scelerisque', '6', '2023-08-01');
INSERT INTO communityEvent (eventID, venueCapacity, name, duration, date) VALUES ('274', '16', 'potenti', '6', '2023-10-26');
INSERT INTO communityEvent (eventID, venueCapacity, name, duration, date) VALUES ('275', '198', 'elit', '7', '2023-10-29');
INSERT INTO communityEvent (eventID, venueCapacity, name, duration, date) VALUES ('276', '15', 'sed vestibulum', '3', '2023-09-19');
INSERT INTO communityEvent (eventID, venueCapacity, name, duration, date) VALUES ('277', '56', 'elementum in', '1', '2023-06-15');
INSERT INTO communityEvent (eventID, venueCapacity, name, duration, date) VALUES ('278', '147', 'nisl nunc', '5', '2024-05-06');
INSERT INTO communityEvent (eventID, venueCapacity, name, duration, date) VALUES ('279', '189', 'vivamus', '4', '2023-12-21');
INSERT INTO communityEvent (eventID, venueCapacity, name, duration, date) VALUES ('280', '59', 'pellentesque', '8', '2023-06-16');
INSERT INTO communityEvent (eventID, venueCapacity, name, duration, date) VALUES ('281', '114', 'proin', '8', '2023-07-26');
INSERT INTO communityEvent (eventID, venueCapacity, name, duration, date) VALUES ('282', '105', 'duis', '3', '2024-02-16');
INSERT INTO communityEvent (eventID, venueCapacity, name, duration, date) VALUES ('283', '54', 'mauris', '2', '2024-03-27');
INSERT INTO communityEvent (eventID, venueCapacity, name, duration, date) VALUES ('284', '18', 'fermentum donec', '6', '2024-03-14');
INSERT INTO communityEvent (eventID, venueCapacity, name, duration, date) VALUES ('285', '56', 'mauris', '7', '2023-06-25');
INSERT INTO communityEvent (eventID, venueCapacity, name, duration, date) VALUES ('286', '111', 'aliquam augue', '2', '2023-06-16');
INSERT INTO communityEvent (eventID, venueCapacity, name, duration, date) VALUES ('287', '2', 'lectus vestibulum', '7', '2023-07-01');
INSERT INTO communityEvent (eventID, venueCapacity, name, duration, date) VALUES ('288', '51', 'consequat', '2', '2023-11-16');
INSERT INTO communityEvent (eventID, venueCapacity, name, duration, date) VALUES ('289', '87', 'accumsan felis', '5', '2024-01-09');
INSERT INTO communityEvent (eventID, venueCapacity, name, duration, date) VALUES ('290', '117', 'elementum', '4', '2023-12-03');
INSERT INTO communityEvent (eventID, venueCapacity, name, duration, date) VALUES ('291', '182', 'eros suspendisse', '2', '2023-06-13');
INSERT INTO communityEvent (eventID, venueCapacity, name, duration, date) VALUES ('292', '76', 'ac tellus', '8', '2023-11-26');
INSERT INTO communityEvent (eventID, venueCapacity, name, duration, date) VALUES ('293', '3', 'mi', '7', '2023-08-12');
INSERT INTO communityEvent (eventID, venueCapacity, name, duration, date) VALUES ('294', '13', 'at velit', '3', '2024-03-08');
INSERT INTO communityEvent (eventID, venueCapacity, name, duration, date) VALUES ('295', '33', 'sit', '1', '2023-10-03');
INSERT INTO communityEvent (eventID, venueCapacity, name, duration, date) VALUES ('296', '111', 'ullamcorper purus', '8', '2023-07-06');
INSERT INTO communityEvent (eventID, venueCapacity, name, duration, date) VALUES ('297', '142', 'ac diam', '6', '2023-08-04');
INSERT INTO communityEvent (eventID, venueCapacity, name, duration, date) VALUES ('298', '156', 'amet cursus', '5', '2023-10-16');
INSERT INTO communityEvent (eventID, venueCapacity, name, duration, date) VALUES ('299', '111', 'libero', '3', '2023-08-22');
INSERT INTO communityEvent (eventID, venueCapacity, name, duration, date) VALUES ('300', '52', 'posuere metus', '1', '2023-07-04');
INSERT INTO communityEvent (eventID, venueCapacity, name, duration, date) VALUES ('301', '29', 'in', '1', '2024-03-12');
INSERT INTO communityEvent (eventID, venueCapacity, name, duration, date) VALUES ('302', '8', 'ligula pellentesque', '5', '2023-08-22');
INSERT INTO communityEvent (eventID, venueCapacity, name, duration, date) VALUES ('303', '24', 'augue', '2', '2024-03-15');
INSERT INTO communityEvent (eventID, venueCapacity, name, duration, date) VALUES ('304', '39', 'sit amet', '8', '2024-04-06');
INSERT INTO communityEvent (eventID, venueCapacity, name, duration, date) VALUES ('305', '165', 'proin eu', '6', '2024-02-06');
INSERT INTO communityEvent (eventID, venueCapacity, name, duration, date) VALUES ('306', '62', 'est', '4', '2023-12-23');
INSERT INTO communityEvent (eventID, venueCapacity, name, duration, date) VALUES ('307', '27', 'posuere felis', '5', '2024-01-08');
INSERT INTO communityEvent (eventID, venueCapacity, name, duration, date) VALUES ('308', '170', 'libero nam', '2', '2023-10-15');
INSERT INTO communityEvent (eventID, venueCapacity, name, duration, date) VALUES ('309', '14', 'leo', '2', '2024-01-06');
INSERT INTO communityEvent (eventID, venueCapacity, name, duration, date) VALUES ('310', '59', 'accumsan odio', '2', '2023-10-04');
INSERT INTO communityEvent (eventID, venueCapacity, name, duration, date) VALUES ('311', '61', 'amet turpis', '5', '2023-12-16');
INSERT INTO communityEvent (eventID, venueCapacity, name, duration, date) VALUES ('312', '198', 'aliquam sit', '8', '2024-06-03');
INSERT INTO communityEvent (eventID, venueCapacity, name, duration, date) VALUES ('313', '118', 'aliquet', '7', '2024-03-10');
INSERT INTO communityEvent (eventID, venueCapacity, name, duration, date) VALUES ('314', '95', 'congue', '5', '2023-09-19');
INSERT INTO communityEvent (eventID, venueCapacity, name, duration, date) VALUES ('315', '170', 'mauris non', '1', '2024-04-15');
INSERT INTO communityEvent (eventID, venueCapacity, name, duration, date) VALUES ('316', '111', 'sit amet', '5', '2024-01-06');
INSERT INTO communityEvent (eventID, venueCapacity, name, duration, date) VALUES ('317', '17', 'et', '1', '2023-07-29');
INSERT INTO communityEvent (eventID, venueCapacity, name, duration, date) VALUES ('318', '92', 'lectus', '8', '2023-11-30');
INSERT INTO communityEvent (eventID, venueCapacity, name, duration, date) VALUES ('319', '60', 'lorem ipsum', '2', '2024-05-05');
INSERT INTO communityEvent (eventID, venueCapacity, name, duration, date) VALUES ('320', '81', 'sed tincidunt', '8', '2023-06-21');
INSERT INTO communityEvent (eventID, venueCapacity, name, duration, date) VALUES ('321', '184', 'interdum', '4', '2024-04-20');
INSERT INTO communityEvent (eventID, venueCapacity, name, duration, date) VALUES ('322', '177', 'aliquam', '2', '2024-03-26');
INSERT INTO communityEvent (eventID, venueCapacity, name, duration, date) VALUES ('323', '146', 'nibh', '6', '2024-04-18');
INSERT INTO communityEvent (eventID, venueCapacity, name, duration, date) VALUES ('324', '57', 'proin at', '6', '2024-02-21');
INSERT INTO communityEvent (eventID, venueCapacity, name, duration, date) VALUES ('325', '85', 'tempus', '4', '2023-10-23');
INSERT INTO communityEvent (eventID, venueCapacity, name, duration, date) VALUES ('326', '8', 'ullamcorper', '3', '2024-04-19');
INSERT INTO communityEvent (eventID, venueCapacity, name, duration, date) VALUES ('327', '112', 'orci luctus', '5', '2023-08-13');
INSERT INTO communityEvent (eventID, venueCapacity, name, duration, date) VALUES ('328', '174', 'a suscipit', '8', '2024-03-02');
INSERT INTO communityEvent (eventID, venueCapacity, name, duration, date) VALUES ('329', '140', 'nisl nunc', '3', '2024-03-25');
INSERT INTO communityEvent (eventID, venueCapacity, name, duration, date) VALUES ('330', '45', 'vel', '5', '2023-09-16');
INSERT INTO communityEvent (eventID, venueCapacity, name, duration, date) VALUES ('331', '153', 'eu orci', '7', '2023-10-22');
INSERT INTO communityEvent (eventID, venueCapacity, name, duration, date) VALUES ('332', '173', 'eleifend donec', '3', '2024-04-16');
INSERT INTO communityEvent (eventID, venueCapacity, name, duration, date) VALUES ('333', '111', 'odio in', '3', '2024-03-08');
INSERT INTO communityEvent (eventID, venueCapacity, name, duration, date) VALUES ('334', '5', 'commodo', '1', '2023-09-15');
INSERT INTO communityEvent (eventID, venueCapacity, name, duration, date) VALUES ('335', '138', 'blandit mi', '5', '2024-05-01');
INSERT INTO communityEvent (eventID, venueCapacity, name, duration, date) VALUES ('336', '102', 'elementum', '2', '2023-08-03');
INSERT INTO communityEvent (eventID, venueCapacity, name, duration, date) VALUES ('337', '126', 'platea', '1', '2023-12-07');
INSERT INTO communityEvent (eventID, venueCapacity, name, duration, date) VALUES ('338', '133', 'justo in', '7', '2023-10-09');
INSERT INTO communityEvent (eventID, venueCapacity, name, duration, date) VALUES ('339', '21', 'justo aliquam', '3', '2023-06-08');
INSERT INTO communityEvent (eventID, venueCapacity, name, duration, date) VALUES ('340', '18', 'eros', '5', '2023-10-23');
INSERT INTO communityEvent (eventID, venueCapacity, name, duration, date) VALUES ('341', '98', 'lacus curabitur', '8', '2023-06-10');
INSERT INTO communityEvent (eventID, venueCapacity, name, duration, date) VALUES ('342', '60', 'phasellus', '3', '2023-12-05');
INSERT INTO communityEvent (eventID, venueCapacity, name, duration, date) VALUES ('343', '45', 'nulla suscipit', '1', '2024-05-23');
INSERT INTO communityEvent (eventID, venueCapacity, name, duration, date) VALUES ('344', '66', 'proin', '3', '2024-02-04');
INSERT INTO communityEvent (eventID, venueCapacity, name, duration, date) VALUES ('345', '187', 'quis', '3', '2023-06-21');
INSERT INTO communityEvent (eventID, venueCapacity, name, duration, date) VALUES ('346', '91', 'hac habitasse', '3', '2023-10-08');
INSERT INTO communityEvent (eventID, venueCapacity, name, duration, date) VALUES ('347', '76', 'dictumst maecenas', '6', '2023-08-14');
INSERT INTO communityEvent (eventID, venueCapacity, name, duration, date) VALUES ('348', '155', 'erat', '7', '2023-12-12');
INSERT INTO communityEvent (eventID, venueCapacity, name, duration, date) VALUES ('349', '116', 'in consequat', '1', '2024-04-01');
INSERT INTO communityEvent (eventID, venueCapacity, name, duration, date) VALUES ('350', '123', 'rutrum', '8', '2024-03-14');
INSERT INTO communityEvent (eventID, venueCapacity, name, duration, date) VALUES ('351', '111', 'morbi', '3', '2023-11-16');
INSERT INTO communityEvent (eventID, venueCapacity, name, duration, date) VALUES ('352', '21', 'malesuada', '5', '2023-09-08');
INSERT INTO communityEvent (eventID, venueCapacity, name, duration, date) VALUES ('353', '185', 'morbi', '6', '2023-12-02');
INSERT INTO communityEvent (eventID, venueCapacity, name, duration, date) VALUES ('354', '28', 'proin', '1', '2023-07-01');
INSERT INTO communityEvent (eventID, venueCapacity, name, duration, date) VALUES ('355', '154', 'cubilia curae', '5', '2023-09-05');
INSERT INTO communityEvent (eventID, venueCapacity, name, duration, date) VALUES ('356', '197', 'dictumst', '3', '2023-11-22');
INSERT INTO communityEvent (eventID, venueCapacity, name, duration, date) VALUES ('357', '119', 'id mauris', '1', '2024-03-15');
INSERT INTO communityEvent (eventID, venueCapacity, name, duration, date) VALUES ('358', '6', 'magnis', '1', '2024-02-14');
INSERT INTO communityEvent (eventID, venueCapacity, name, duration, date) VALUES ('359', '90', 'venenatis turpis', '4', '2023-08-20');
INSERT INTO communityEvent (eventID, venueCapacity, name, duration, date) VALUES ('360', '21', 'massa quis', '7', '2023-10-07');
INSERT INTO communityEvent (eventID, venueCapacity, name, duration, date) VALUES ('361', '179', 'in', '5', '2023-11-18');
INSERT INTO communityEvent (eventID, venueCapacity, name, duration, date) VALUES ('362', '36', 'pellentesque', '8', '2023-11-16');
INSERT INTO communityEvent (eventID, venueCapacity, name, duration, date) VALUES ('363', '57', 'hac habitasse', '8', '2024-05-07');
INSERT INTO communityEvent (eventID, venueCapacity, name, duration, date) VALUES ('364', '139', 'massa id', '4', '2024-02-15');
INSERT INTO communityEvent (eventID, venueCapacity, name, duration, date) VALUES ('365', '43', 'a', '1', '2024-02-16');
INSERT INTO communityEvent (eventID, venueCapacity, name, duration, date) VALUES ('366', '94', 'nulla eget', '4', '2023-06-21');
INSERT INTO communityEvent (eventID, venueCapacity, name, duration, date) VALUES ('367', '82', 'integer', '6', '2024-02-19');
INSERT INTO communityEvent (eventID, venueCapacity, name, duration, date) VALUES ('368', '188', 'ultrices', '3', '2024-01-30');
INSERT INTO communityEvent (eventID, venueCapacity, name, duration, date) VALUES ('369', '25', 'curae', '1', '2024-04-30');
INSERT INTO communityEvent (eventID, venueCapacity, name, duration, date) VALUES ('370', '36', 'ante', '3', '2023-09-24');
INSERT INTO communityEvent (eventID, venueCapacity, name, duration, date) VALUES ('371', '75', 'enim', '5', '2024-02-23');
INSERT INTO communityEvent (eventID, venueCapacity, name, duration, date) VALUES ('372', '169', 'metus aenean', '2', '2023-06-08');
INSERT INTO communityEvent (eventID, venueCapacity, name, duration, date) VALUES ('373', '82', 'leo odio', '6', '2024-04-27');
INSERT INTO communityEvent (eventID, venueCapacity, name, duration, date) VALUES ('374', '3', 'semper rutrum', '2', '2024-02-10');
INSERT INTO communityEvent (eventID, venueCapacity, name, duration, date) VALUES ('375', '121', 'vestibulum', '8', '2023-06-07');
INSERT INTO communityEvent (eventID, venueCapacity, name, duration, date) VALUES ('376', '177', 'lacinia', '3', '2024-04-28');
INSERT INTO communityEvent (eventID, venueCapacity, name, duration, date) VALUES ('377', '165', 'nunc commodo', '3', '2024-04-15');
INSERT INTO communityEvent (eventID, venueCapacity, name, duration, date) VALUES ('378', '187', 'ut dolor', '8', '2024-05-09');
INSERT INTO communityEvent (eventID, venueCapacity, name, duration, date) VALUES ('379', '120', 'ridiculus', '2', '2023-11-20');
INSERT INTO communityEvent (eventID, venueCapacity, name, duration, date) VALUES ('380', '116', 'fringilla rhoncus', '2', '2023-12-17');
INSERT INTO communityEvent (eventID, venueCapacity, name, duration, date) VALUES ('381', '152', 'sed lacus', '8', '2023-07-27');
INSERT INTO communityEvent (eventID, venueCapacity, name, duration, date) VALUES ('382', '44', 'sapien sapien', '1', '2024-05-05');
INSERT INTO communityEvent (eventID, venueCapacity, name, duration, date) VALUES ('383', '29', 'sed', '1', '2023-09-10');
INSERT INTO communityEvent (eventID, venueCapacity, name, duration, date) VALUES ('384', '77', 'eleifend', '7', '2024-02-15');
INSERT INTO communityEvent (eventID, venueCapacity, name, duration, date) VALUES ('385', '161', 'tellus semper', '5', '2023-10-09');
INSERT INTO communityEvent (eventID, venueCapacity, name, duration, date) VALUES ('386', '13', 'dolor quis', '7', '2023-12-31');
INSERT INTO communityEvent (eventID, venueCapacity, name, duration, date) VALUES ('387', '32', 'proin risus', '1', '2024-02-16');
INSERT INTO communityEvent (eventID, venueCapacity, name, duration, date) VALUES ('388', '11', 'eu mi', '2', '2024-04-23');
INSERT INTO communityEvent (eventID, venueCapacity, name, duration, date) VALUES ('389', '9', 'velit id', '3', '2023-07-15');
INSERT INTO communityEvent (eventID, venueCapacity, name, duration, date) VALUES ('390', '58', 'nunc', '1', '2023-07-05');
INSERT INTO communityEvent (eventID, venueCapacity, name, duration, date) VALUES ('391', '56', 'lectus pellentesque', '7', '2024-03-22');
INSERT INTO communityEvent (eventID, venueCapacity, name, duration, date) VALUES ('392', '195', 'maecenas ut', '1', '2024-04-11');
INSERT INTO communityEvent (eventID, venueCapacity, name, duration, date) VALUES ('393', '8', 'accumsan', '2', '2024-02-14');
INSERT INTO communityEvent (eventID, venueCapacity, name, duration, date) VALUES ('394', '127', 'semper interdum', '8', '2023-07-21');
INSERT INTO communityEvent (eventID, venueCapacity, name, duration, date) VALUES ('395', '54', 'nisl duis', '8', '2023-06-12');
INSERT INTO communityEvent (eventID, venueCapacity, name, duration, date) VALUES ('396', '49', 'nulla', '3', '2024-04-04');
INSERT INTO communityEvent (eventID, venueCapacity, name, duration, date) VALUES ('397', '91', 'lobortis vel', '4', '2024-03-21');
INSERT INTO communityEvent (eventID, venueCapacity, name, duration, date) VALUES ('398', '64', 'morbi non', '5', '2024-05-05');
INSERT INTO communityEvent (eventID, venueCapacity, name, duration, date) VALUES ('399', '56', 'in', '5', '2023-08-24');
INSERT INTO communityEvent (eventID, venueCapacity, name, duration, date) VALUES ('400', '133', 'pellentesque', '2', '2024-04-23');
INSERT INTO communityEvent (eventID, venueCapacity, name, duration, date) VALUES ('401', '184', 'diam in', '1', '2023-07-03');
INSERT INTO communityEvent (eventID, venueCapacity, name, duration, date) VALUES ('402', '80', 'nisl ut', '6', '2024-03-13');
INSERT INTO communityEvent (eventID, venueCapacity, name, duration, date) VALUES ('403', '86', 'urna', '5', '2023-06-23');
INSERT INTO communityEvent (eventID, venueCapacity, name, duration, date) VALUES ('404', '159', 'et ultrices', '4', '2024-02-09');
INSERT INTO communityEvent (eventID, venueCapacity, name, duration, date) VALUES ('405', '200', 'nisi', '7', '2024-01-02');
INSERT INTO communityEvent (eventID, venueCapacity, name, duration, date) VALUES ('406', '154', 'sagittis', '4', '2023-07-23');
INSERT INTO communityEvent (eventID, venueCapacity, name, duration, date) VALUES ('407', '139', 'libero', '4', '2024-04-18');
INSERT INTO communityEvent (eventID, venueCapacity, name, duration, date) VALUES ('408', '73', 'aenean lectus', '4', '2023-10-15');
INSERT INTO communityEvent (eventID, venueCapacity, name, duration, date) VALUES ('409', '58', 'justo', '3', '2024-05-03');
INSERT INTO communityEvent (eventID, venueCapacity, name, duration, date) VALUES ('410', '166', 'rhoncus mauris', '7', '2024-02-18');
INSERT INTO communityEvent (eventID, venueCapacity, name, duration, date) VALUES ('411', '81', 'mattis', '1', '2023-10-21');
INSERT INTO communityEvent (eventID, venueCapacity, name, duration, date) VALUES ('412', '199', 'enim leo', '2', '2024-04-20');
INSERT INTO communityEvent (eventID, venueCapacity, name, duration, date) VALUES ('413', '196', 'sed', '5', '2024-05-15');
INSERT INTO communityEvent (eventID, venueCapacity, name, duration, date) VALUES ('414', '123', 'enim blandit', '4', '2024-01-30');
INSERT INTO communityEvent (eventID, venueCapacity, name, duration, date) VALUES ('415', '60', 'donec', '2', '2024-03-16');
INSERT INTO communityEvent (eventID, venueCapacity, name, duration, date) VALUES ('416', '167', 'porttitor', '6', '2023-09-02');
INSERT INTO communityEvent (eventID, venueCapacity, name, duration, date) VALUES ('417', '31', 'ac consequat', '4', '2023-10-13');
INSERT INTO communityEvent (eventID, venueCapacity, name, duration, date) VALUES ('418', '126', 'bibendum felis', '7', '2024-02-23');
INSERT INTO communityEvent (eventID, venueCapacity, name, duration, date) VALUES ('419', '20', 'justo sollicitudin', '2', '2023-08-23');
INSERT INTO communityEvent (eventID, venueCapacity, name, duration, date) VALUES ('420', '135', 'ante', '7', '2024-05-01');
INSERT INTO communityEvent (eventID, venueCapacity, name, duration, date) VALUES ('421', '186', 'sodales sed', '7', '2024-05-14');
INSERT INTO communityEvent (eventID, venueCapacity, name, duration, date) VALUES ('422', '26', 'odio', '8', '2024-02-19');
INSERT INTO communityEvent (eventID, venueCapacity, name, duration, date) VALUES ('423', '46', 'mus', '1', '2023-06-23');
INSERT INTO communityEvent (eventID, venueCapacity, name, duration, date) VALUES ('424', '85', 'consequat nulla', '5', '2024-01-21');
INSERT INTO communityEvent (eventID, venueCapacity, name, duration, date) VALUES ('425', '73', 'nisl', '6', '2023-11-24');
INSERT INTO communityEvent (eventID, venueCapacity, name, duration, date) VALUES ('426', '191', 'sodales', '6', '2024-03-11');
INSERT INTO communityEvent (eventID, venueCapacity, name, duration, date) VALUES ('427', '83', 'a', '3', '2023-11-20');
INSERT INTO communityEvent (eventID, venueCapacity, name, duration, date) VALUES ('428', '192', 'vel accumsan', '7', '2023-07-13');
INSERT INTO communityEvent (eventID, venueCapacity, name, duration, date) VALUES ('429', '198', 'nam', '1', '2024-02-07');
INSERT INTO communityEvent (eventID, venueCapacity, name, duration, date) VALUES ('430', '179', 'eget tempus', '1', '2023-12-26');
INSERT INTO communityEvent (eventID, venueCapacity, name, duration, date) VALUES ('431', '62', 'pharetra', '7', '2024-04-26');
INSERT INTO communityEvent (eventID, venueCapacity, name, duration, date) VALUES ('432', '200', 'et', '8', '2023-08-31');
INSERT INTO communityEvent (eventID, venueCapacity, name, duration, date) VALUES ('433', '113', 'curae donec', '5', '2024-04-21');
INSERT INTO communityEvent (eventID, venueCapacity, name, duration, date) VALUES ('434', '20', 'sapien', '5', '2023-07-25');
INSERT INTO communityEvent (eventID, venueCapacity, name, duration, date) VALUES ('435', '45', 'morbi vestibulum', '2', '2024-02-03');
INSERT INTO communityEvent (eventID, venueCapacity, name, duration, date) VALUES ('436', '9', 'sodales', '4', '2023-12-14');
INSERT INTO communityEvent (eventID, venueCapacity, name, duration, date) VALUES ('437', '17', 'aliquam non', '8', '2024-02-23');
INSERT INTO communityEvent (eventID, venueCapacity, name, duration, date) VALUES ('438', '191', 'id', '2', '2024-03-07');
INSERT INTO communityEvent (eventID, venueCapacity, name, duration, date) VALUES ('439', '71', 'ante vestibulum', '6', '2024-02-21');
INSERT INTO communityEvent (eventID, venueCapacity, name, duration, date) VALUES ('440', '127', 'mauris morbi', '6', '2023-11-14');
INSERT INTO communityEvent (eventID, venueCapacity, name, duration, date) VALUES ('441', '137', 'diam', '4', '2024-06-03');
INSERT INTO communityEvent (eventID, venueCapacity, name, duration, date) VALUES ('442', '35', 'dis parturient', '5', '2023-10-12');
INSERT INTO communityEvent (eventID, venueCapacity, name, duration, date) VALUES ('443', '87', 'et ultrices', '4', '2023-11-13');
INSERT INTO communityEvent (eventID, venueCapacity, name, duration, date) VALUES ('444', '68', 'dis parturient', '1', '2023-06-04');
INSERT INTO communityEvent (eventID, venueCapacity, name, duration, date) VALUES ('445', '136', 'luctus nec', '2', '2023-07-28');
INSERT INTO communityEvent (eventID, venueCapacity, name, duration, date) VALUES ('446', '192', 'rutrum nulla', '7', '2023-12-08');
INSERT INTO communityEvent (eventID, venueCapacity, name, duration, date) VALUES ('447', '44', 'nonummy maecenas', '6', '2023-08-01');
INSERT INTO communityEvent (eventID, venueCapacity, name, duration, date) VALUES ('448', '176', 'eleifend', '3', '2023-07-02');
INSERT INTO communityEvent (eventID, venueCapacity, name, duration, date) VALUES ('449', '145', 'nisl nunc', '8', '2023-12-15');
INSERT INTO communityEvent (eventID, venueCapacity, name, duration, date) VALUES ('450', '105', 'velit', '8', '2024-05-13');
INSERT INTO communityEvent (eventID, venueCapacity, name, duration, date) VALUES ('451', '160', 'est', '2', '2023-06-24');
INSERT INTO communityEvent (eventID, venueCapacity, name, duration, date) VALUES ('452', '186', 'ac', '8', '2023-09-06');
INSERT INTO communityEvent (eventID, venueCapacity, name, duration, date) VALUES ('453', '145', 'primis', '4', '2023-10-22');
INSERT INTO communityEvent (eventID, venueCapacity, name, duration, date) VALUES ('454', '122', 'semper', '4', '2024-02-24');
INSERT INTO communityEvent (eventID, venueCapacity, name, duration, date) VALUES ('455', '88', 'fusce congue', '7', '2023-10-19');
INSERT INTO communityEvent (eventID, venueCapacity, name, duration, date) VALUES ('456', '29', 'quisque', '2', '2023-11-18');
INSERT INTO communityEvent (eventID, venueCapacity, name, duration, date) VALUES ('457', '18', 'justo in', '1', '2023-09-11');
INSERT INTO communityEvent (eventID, venueCapacity, name, duration, date) VALUES ('458', '1', 'vestibulum ante', '2', '2023-07-31');
INSERT INTO communityEvent (eventID, venueCapacity, name, duration, date) VALUES ('459', '137', 'quam sollicitudin', '5', '2023-09-18');
INSERT INTO communityEvent (eventID, venueCapacity, name, duration, date) VALUES ('460', '120', 'nec', '3', '2023-09-14');
INSERT INTO communityEvent (eventID, venueCapacity, name, duration, date) VALUES ('461', '184', 'integer', '7', '2024-01-25');
INSERT INTO communityEvent (eventID, venueCapacity, name, duration, date) VALUES ('462', '196', 'duis', '8', '2023-07-15');
INSERT INTO communityEvent (eventID, venueCapacity, name, duration, date) VALUES ('463', '10', 'amet nulla', '1', '2023-10-22');
INSERT INTO communityEvent (eventID, venueCapacity, name, duration, date) VALUES ('464', '42', 'metus', '2', '2023-08-23');
INSERT INTO communityEvent (eventID, venueCapacity, name, duration, date) VALUES ('465', '136', 'ante', '8', '2024-05-26');
INSERT INTO communityEvent (eventID, venueCapacity, name, duration, date) VALUES ('466', '141', 'vivamus', '3', '2023-10-26');
INSERT INTO communityEvent (eventID, venueCapacity, name, duration, date) VALUES ('467', '19', 'luctus', '4', '2024-01-06');
INSERT INTO communityEvent (eventID, venueCapacity, name, duration, date) VALUES ('468', '171', 'vulputate justo', '5', '2024-05-07');
INSERT INTO communityEvent (eventID, venueCapacity, name, duration, date) VALUES ('469', '149', 'ut', '6', '2023-10-24');
INSERT INTO communityEvent (eventID, venueCapacity, name, duration, date) VALUES ('470', '125', 'cras pellentesque', '7', '2024-03-05');
INSERT INTO communityEvent (eventID, venueCapacity, name, duration, date) VALUES ('471', '189', 'pede ac', '4', '2023-06-28');
INSERT INTO communityEvent (eventID, venueCapacity, name, duration, date) VALUES ('472', '44', 'turpis integer', '6', '2023-07-30');
INSERT INTO communityEvent (eventID, venueCapacity, name, duration, date) VALUES ('473', '53', 'nec', '2', '2024-01-29');
INSERT INTO communityEvent (eventID, venueCapacity, name, duration, date) VALUES ('474', '64', 'lobortis', '1', '2024-05-26');
INSERT INTO communityEvent (eventID, venueCapacity, name, duration, date) VALUES ('475', '121', 'interdum', '2', '2024-05-24');
INSERT INTO communityEvent (eventID, venueCapacity, name, duration, date) VALUES ('476', '131', 'integer non', '1', '2024-04-27');
INSERT INTO communityEvent (eventID, venueCapacity, name, duration, date) VALUES ('477', '173', 'sociis', '2', '2024-01-25');
INSERT INTO communityEvent (eventID, venueCapacity, name, duration, date) VALUES ('478', '92', 'aliquam', '2', '2024-05-02');
INSERT INTO communityEvent (eventID, venueCapacity, name, duration, date) VALUES ('479', '3', 'non quam', '5', '2024-03-02');
INSERT INTO communityEvent (eventID, venueCapacity, name, duration, date) VALUES ('480', '105', 'libero nullam', '5', '2024-03-10');
INSERT INTO communityEvent (eventID, venueCapacity, name, duration, date) VALUES ('481', '130', 'nulla', '6', '2023-09-16');
INSERT INTO communityEvent (eventID, venueCapacity, name, duration, date) VALUES ('482', '175', 'auctor', '5', '2024-03-01');
INSERT INTO communityEvent (eventID, venueCapacity, name, duration, date) VALUES ('483', '134', 'eu', '1', '2024-04-13');
INSERT INTO communityEvent (eventID, venueCapacity, name, duration, date) VALUES ('484', '95', 'et ultrices', '5', '2024-04-12');
INSERT INTO communityEvent (eventID, venueCapacity, name, duration, date) VALUES ('485', '68', 'viverra', '8', '2024-01-17');
INSERT INTO communityEvent (eventID, venueCapacity, name, duration, date) VALUES ('486', '63', 'leo odio', '4', '2023-11-07');
INSERT INTO communityEvent (eventID, venueCapacity, name, duration, date) VALUES ('487', '147', 'varius', '5', '2023-06-07');
INSERT INTO communityEvent (eventID, venueCapacity, name, duration, date) VALUES ('488', '35', 'ut', '8', '2023-09-24');
INSERT INTO communityEvent (eventID, venueCapacity, name, duration, date) VALUES ('489', '171', 'odio consequat', '5', '2024-01-30');
INSERT INTO communityEvent (eventID, venueCapacity, name, duration, date) VALUES ('490', '173', 'platea dictumst', '1', '2023-10-03');
INSERT INTO communityEvent (eventID, venueCapacity, name, duration, date) VALUES ('491', '74', 'dolor vel', '2', '2024-03-29');
INSERT INTO communityEvent (eventID, venueCapacity, name, duration, date) VALUES ('492', '84', 'sapien in', '1', '2023-09-06');
INSERT INTO communityEvent (eventID, venueCapacity, name, duration, date) VALUES ('493', '38', 'aliquam lacus', '3', '2024-01-12');
INSERT INTO communityEvent (eventID, venueCapacity, name, duration, date) VALUES ('494', '157', 'duis bibendum', '7', '2024-04-22');
INSERT INTO communityEvent (eventID, venueCapacity, name, duration, date) VALUES ('495', '144', 'non', '5', '2023-11-26');
INSERT INTO communityEvent (eventID, venueCapacity, name, duration, date) VALUES ('496', '96', 'amet', '4', '2023-10-24');
INSERT INTO communityEvent (eventID, venueCapacity, name, duration, date) VALUES ('497', '166', 'sollicitudin', '4', '2024-02-21');
INSERT INTO communityEvent (eventID, venueCapacity, name, duration, date) VALUES ('498', '38', 'nisl venenatis', '5', '2024-04-20');
INSERT INTO communityEvent (eventID, venueCapacity, name, duration, date) VALUES ('499', '106', 'id', '3', '2024-02-15');
INSERT INTO communityEvent (eventID, venueCapacity, name, duration, date) VALUES ('500', '33', 'ut', '5', '2024-04-12');
INSERT INTO communityEvent (eventID, venueCapacity, name, duration, date) VALUES ('501', '109', 'sit amet', '3', '2023-08-26');
INSERT INTO communityEvent (eventID, venueCapacity, name, duration, date) VALUES ('502', '14', 'nonummy', '3', '2023-12-17');
INSERT INTO communityEvent (eventID, venueCapacity, name, duration, date) VALUES ('503', '52', 'eget', '5', '2024-03-28');
INSERT INTO communityEvent (eventID, venueCapacity, name, duration, date) VALUES ('504', '92', 'lacinia', '2', '2023-10-30');
INSERT INTO communityEvent (eventID, venueCapacity, name, duration, date) VALUES ('505', '130', 'hac habitasse', '3', '2023-09-04');
INSERT INTO communityEvent (eventID, venueCapacity, name, duration, date) VALUES ('506', '157', 'pede ac', '5', '2024-01-06');
INSERT INTO communityEvent (eventID, venueCapacity, name, duration, date) VALUES ('507', '196', 'interdum', '4', '2024-05-02');
INSERT INTO communityEvent (eventID, venueCapacity, name, duration, date) VALUES ('508', '161', 'pede justo', '7', '2023-08-21');
INSERT INTO communityEvent (eventID, venueCapacity, name, duration, date) VALUES ('509', '102', 'vestibulum ante', '7', '2024-05-01');
INSERT INTO communityEvent (eventID, venueCapacity, name, duration, date) VALUES ('510', '36', 'vestibulum', '7', '2023-07-17');
INSERT INTO communityEvent (eventID, venueCapacity, name, duration, date) VALUES ('511', '186', 'duis mattis', '7', '2023-09-01');
INSERT INTO communityEvent (eventID, venueCapacity, name, duration, date) VALUES ('512', '5', 'tristique', '7', '2024-05-06');
INSERT INTO communityEvent (eventID, venueCapacity, name, duration, date) VALUES ('513', '163', 'venenatis', '7', '2024-01-22');
INSERT INTO communityEvent (eventID, venueCapacity, name, duration, date) VALUES ('514', '146', 'id', '5', '2023-12-19');
INSERT INTO communityEvent (eventID, venueCapacity, name, duration, date) VALUES ('515', '62', 'non mattis', '1', '2023-11-30');
INSERT INTO communityEvent (eventID, venueCapacity, name, duration, date) VALUES ('516', '187', 'non pretium', '4', '2023-10-27');
INSERT INTO communityEvent (eventID, venueCapacity, name, duration, date) VALUES ('517', '176', 'ipsum integer', '1', '2024-03-20');
INSERT INTO communityEvent (eventID, venueCapacity, name, duration, date) VALUES ('518', '27', 'vestibulum', '4', '2023-10-11');
INSERT INTO communityEvent (eventID, venueCapacity, name, duration, date) VALUES ('519', '166', 'in libero', '4', '2024-04-08');
INSERT INTO communityEvent (eventID, venueCapacity, name, duration, date) VALUES ('520', '16', 'mi pede', '3', '2024-03-09');
INSERT INTO communityEvent (eventID, venueCapacity, name, duration, date) VALUES ('521', '87', 'hac', '5', '2024-05-13');
INSERT INTO communityEvent (eventID, venueCapacity, name, duration, date) VALUES ('522', '100', 'arcu', '5', '2023-09-25');
INSERT INTO communityEvent (eventID, venueCapacity, name, duration, date) VALUES ('523', '79', 'arcu libero', '7', '2024-05-08');
INSERT INTO communityEvent (eventID, venueCapacity, name, duration, date) VALUES ('524', '55', 'pretium quis', '8', '2024-04-29');
INSERT INTO communityEvent (eventID, venueCapacity, name, duration, date) VALUES ('525', '13', 'pellentesque', '8', '2023-08-24');
INSERT INTO communityEvent (eventID, venueCapacity, name, duration, date) VALUES ('526', '137', 'est', '1', '2023-06-21');
INSERT INTO communityEvent (eventID, venueCapacity, name, duration, date) VALUES ('527', '39', 'nascetur ridiculus', '6', '2023-09-18');
INSERT INTO communityEvent (eventID, venueCapacity, name, duration, date) VALUES ('528', '96', 'pede libero', '5', '2024-05-23');
INSERT INTO communityEvent (eventID, venueCapacity, name, duration, date) VALUES ('529', '47', 'lacus', '2', '2023-08-15');
INSERT INTO communityEvent (eventID, venueCapacity, name, duration, date) VALUES ('530', '199', 'tellus', '8', '2023-09-18');
INSERT INTO communityEvent (eventID, venueCapacity, name, duration, date) VALUES ('531', '108', 'vestibulum', '8', '2023-11-03');
INSERT INTO communityEvent (eventID, venueCapacity, name, duration, date) VALUES ('532', '22', 'eu magna', '6', '2023-11-29');
INSERT INTO communityEvent (eventID, venueCapacity, name, duration, date) VALUES ('533', '151', 'tempor', '1', '2023-12-17');
INSERT INTO communityEvent (eventID, venueCapacity, name, duration, date) VALUES ('534', '111', 'felis fusce', '2', '2024-05-23');
INSERT INTO communityEvent (eventID, venueCapacity, name, duration, date) VALUES ('535', '176', 'blandit', '8', '2024-02-05');
INSERT INTO communityEvent (eventID, venueCapacity, name, duration, date) VALUES ('536', '184', 'sapien', '2', '2024-02-23');
INSERT INTO communityEvent (eventID, venueCapacity, name, duration, date) VALUES ('537', '68', 'convallis', '8', '2024-04-05');
INSERT INTO communityEvent (eventID, venueCapacity, name, duration, date) VALUES ('538', '80', 'cubilia', '8', '2023-11-25');
INSERT INTO communityEvent (eventID, venueCapacity, name, duration, date) VALUES ('539', '22', 'suspendisse potenti', '1', '2024-02-05');
INSERT INTO communityEvent (eventID, venueCapacity, name, duration, date) VALUES ('540', '99', 'augue aliquam', '2', '2024-05-09');
INSERT INTO communityEvent (eventID, venueCapacity, name, duration, date) VALUES ('541', '185', 'diam', '3', '2024-01-13');
INSERT INTO communityEvent (eventID, venueCapacity, name, duration, date) VALUES ('542', '188', 'varius integer', '1', '2024-05-21');
INSERT INTO communityEvent (eventID, venueCapacity, name, duration, date) VALUES ('543', '186', 'sociis', '3', '2023-10-09');
INSERT INTO communityEvent (eventID, venueCapacity, name, duration, date) VALUES ('544', '99', 'tempor', '6', '2023-09-25');
INSERT INTO communityEvent (eventID, venueCapacity, name, duration, date) VALUES ('545', '8', 'amet eros', '1', '2024-02-18');
INSERT INTO communityEvent (eventID, venueCapacity, name, duration, date) VALUES ('546', '130', 'eu', '8', '2023-12-02');
INSERT INTO communityEvent (eventID, venueCapacity, name, duration, date) VALUES ('547', '114', 'phasellus in', '2', '2024-05-25');
INSERT INTO communityEvent (eventID, venueCapacity, name, duration, date) VALUES ('548', '152', 'leo odio', '3', '2024-05-23');
INSERT INTO communityEvent (eventID, venueCapacity, name, duration, date) VALUES ('549', '170', 'vivamus vestibulum', '2', '2023-11-10');
INSERT INTO communityEvent (eventID, venueCapacity, name, duration, date) VALUES ('550', '45', 'in faucibus', '5', '2024-04-24');
INSERT INTO communityEvent (eventID, venueCapacity, name, duration, date) VALUES ('551', '195', 'quis justo', '6', '2023-10-19');
INSERT INTO communityEvent (eventID, venueCapacity, name, duration, date) VALUES ('552', '138', 'dui', '4', '2023-12-05');
INSERT INTO communityEvent (eventID, venueCapacity, name, duration, date) VALUES ('553', '40', 'iaculis', '5', '2023-07-07');
INSERT INTO communityEvent (eventID, venueCapacity, name, duration, date) VALUES ('554', '78', 'venenatis tristique', '6', '2024-05-14');
INSERT INTO communityEvent (eventID, venueCapacity, name, duration, date) VALUES ('555', '53', 'pede malesuada', '8', '2023-12-11');
INSERT INTO communityEvent (eventID, venueCapacity, name, duration, date) VALUES ('556', '18', 'sociis', '3', '2024-05-01');
INSERT INTO communityEvent (eventID, venueCapacity, name, duration, date) VALUES ('557', '196', 'ligula pellentesque', '5', '2023-07-23');
INSERT INTO communityEvent (eventID, venueCapacity, name, duration, date) VALUES ('558', '166', 'elementum', '7', '2024-05-17');
INSERT INTO communityEvent (eventID, venueCapacity, name, duration, date) VALUES ('559', '49', 'suspendisse accumsan', '5', '2024-05-17');
INSERT INTO communityEvent (eventID, venueCapacity, name, duration, date) VALUES ('560', '69', 'velit eu', '4', '2024-02-05');
INSERT INTO communityEvent (eventID, venueCapacity, name, duration, date) VALUES ('561', '147', 'tellus', '1', '2023-10-23');
INSERT INTO communityEvent (eventID, venueCapacity, name, duration, date) VALUES ('562', '42', 'ultrices', '2', '2023-07-10');
INSERT INTO communityEvent (eventID, venueCapacity, name, duration, date) VALUES ('563', '122', 'orci', '5', '2023-11-10');
INSERT INTO communityEvent (eventID, venueCapacity, name, duration, date) VALUES ('564', '110', 'justo', '1', '2023-07-20');
INSERT INTO communityEvent (eventID, venueCapacity, name, duration, date) VALUES ('565', '31', 'nunc nisl', '3', '2023-12-10');
INSERT INTO communityEvent (eventID, venueCapacity, name, duration, date) VALUES ('566', '143', 'etiam', '2', '2024-01-15');
INSERT INTO communityEvent (eventID, venueCapacity, name, duration, date) VALUES ('567', '59', 'rhoncus', '8', '2023-09-10');
INSERT INTO communityEvent (eventID, venueCapacity, name, duration, date) VALUES ('568', '126', 'accumsan odio', '2', '2023-10-06');
INSERT INTO communityEvent (eventID, venueCapacity, name, duration, date) VALUES ('569', '112', 'turpis adipiscing', '7', '2023-10-06');
INSERT INTO communityEvent (eventID, venueCapacity, name, duration, date) VALUES ('570', '142', 'neque', '2', '2023-11-05');
INSERT INTO communityEvent (eventID, venueCapacity, name, duration, date) VALUES ('571', '179', 'in', '1', '2024-04-27');
INSERT INTO communityEvent (eventID, venueCapacity, name, duration, date) VALUES ('572', '115', 'in sagittis', '6', '2024-03-12');
INSERT INTO communityEvent (eventID, venueCapacity, name, duration, date) VALUES ('573', '78', 'nam ultrices', '6', '2024-01-03');
INSERT INTO communityEvent (eventID, venueCapacity, name, duration, date) VALUES ('574', '174', 'libero nullam', '7', '2023-11-29');
INSERT INTO communityEvent (eventID, venueCapacity, name, duration, date) VALUES ('575', '63', 'aliquam convallis', '3', '2023-09-17');
INSERT INTO communityEvent (eventID, venueCapacity, name, duration, date) VALUES ('576', '63', 'at', '1', '2023-07-25');
INSERT INTO communityEvent (eventID, venueCapacity, name, duration, date) VALUES ('577', '115', 'aliquet maecenas', '1', '2023-07-26');
INSERT INTO communityEvent (eventID, venueCapacity, name, duration, date) VALUES ('578', '198', 'pharetra magna', '3', '2023-06-14');
INSERT INTO communityEvent (eventID, venueCapacity, name, duration, date) VALUES ('579', '190', 'pede', '5', '2023-09-28');
INSERT INTO communityEvent (eventID, venueCapacity, name, duration, date) VALUES ('580', '33', 'integer', '6', '2024-05-26');
INSERT INTO communityEvent (eventID, venueCapacity, name, duration, date) VALUES ('581', '110', 'fermentum', '5', '2023-08-21');
INSERT INTO communityEvent (eventID, venueCapacity, name, duration, date) VALUES ('582', '77', 'ut dolor', '1', '2024-04-27');
INSERT INTO communityEvent (eventID, venueCapacity, name, duration, date) VALUES ('583', '51', 'aliquam', '7', '2023-12-10');
INSERT INTO communityEvent (eventID, venueCapacity, name, duration, date) VALUES ('584', '183', 'arcu libero', '5', '2023-11-15');
INSERT INTO communityEvent (eventID, venueCapacity, name, duration, date) VALUES ('585', '198', 'dui', '2', '2023-09-28');
INSERT INTO communityEvent (eventID, venueCapacity, name, duration, date) VALUES ('586', '2', 'amet', '8', '2023-07-22');
INSERT INTO communityEvent (eventID, venueCapacity, name, duration, date) VALUES ('587', '44', 'vehicula consequat', '7', '2023-11-03');
INSERT INTO communityEvent (eventID, venueCapacity, name, duration, date) VALUES ('588', '160', 'maecenas leo', '3', '2024-03-31');
INSERT INTO communityEvent (eventID, venueCapacity, name, duration, date) VALUES ('589', '23', 'ac consequat', '6', '2023-10-18');
INSERT INTO communityEvent (eventID, venueCapacity, name, duration, date) VALUES ('590', '76', 'cubilia curae', '5', '2024-02-23');
INSERT INTO communityEvent (eventID, venueCapacity, name, duration, date) VALUES ('591', '2', 'vel', '4', '2024-04-27');
INSERT INTO communityEvent (eventID, venueCapacity, name, duration, date) VALUES ('592', '103', 'integer', '5', '2024-05-16');
INSERT INTO communityEvent (eventID, venueCapacity, name, duration, date) VALUES ('593', '144', 'vivamus', '6', '2023-09-08');
INSERT INTO communityEvent (eventID, venueCapacity, name, duration, date) VALUES ('594', '68', 'fringilla rhoncus', '5', '2023-07-05');
INSERT INTO communityEvent (eventID, venueCapacity, name, duration, date) VALUES ('595', '134', 'curae duis', '6', '2024-02-04');
INSERT INTO communityEvent (eventID, venueCapacity, name, duration, date) VALUES ('596', '126', 'neque aenean', '5', '2023-08-05');
INSERT INTO communityEvent (eventID, venueCapacity, name, duration, date) VALUES ('597', '67', 'risus auctor', '7', '2023-10-06');
INSERT INTO communityEvent (eventID, venueCapacity, name, duration, date) VALUES ('598', '119', 'neque libero', '7', '2023-08-27');
INSERT INTO communityEvent (eventID, venueCapacity, name, duration, date) VALUES ('599', '26', 'tellus semper', '4', '2023-11-16');
INSERT INTO communityEvent (eventID, venueCapacity, name, duration, date) VALUES ('600', '36', 'libero non', '2', '2023-06-10');
INSERT INTO communityEvent (eventID, venueCapacity, name, duration, date) VALUES ('601', '136', 'augue', '1', '2023-11-21');
INSERT INTO communityEvent (eventID, venueCapacity, name, duration, date) VALUES ('602', '95', 'arcu libero', '6', '2023-09-04');
INSERT INTO communityEvent (eventID, venueCapacity, name, duration, date) VALUES ('603', '150', 'eu nibh', '3', '2023-07-28');
INSERT INTO communityEvent (eventID, venueCapacity, name, duration, date) VALUES ('604', '176', 'hendrerit', '7', '2023-11-30');
INSERT INTO communityEvent (eventID, venueCapacity, name, duration, date) VALUES ('605', '192', 'ridiculus', '4', '2023-10-23');
INSERT INTO communityEvent (eventID, venueCapacity, name, duration, date) VALUES ('606', '150', 'ac', '3', '2024-01-15');
INSERT INTO communityEvent (eventID, venueCapacity, name, duration, date) VALUES ('607', '44', 'sapien a', '8', '2023-08-30');
INSERT INTO communityEvent (eventID, venueCapacity, name, duration, date) VALUES ('608', '21', 'dui nec', '2', '2024-03-18');
INSERT INTO communityEvent (eventID, venueCapacity, name, duration, date) VALUES ('609', '124', 'massa', '4', '2024-06-01');
INSERT INTO communityEvent (eventID, venueCapacity, name, duration, date) VALUES ('610', '34', 'duis faucibus', '5', '2023-11-23');
INSERT INTO communityEvent (eventID, venueCapacity, name, duration, date) VALUES ('611', '43', 'et ultrices', '7', '2023-08-24');
INSERT INTO communityEvent (eventID, venueCapacity, name, duration, date) VALUES ('612', '85', 'suspendisse', '3', '2024-03-28');
INSERT INTO communityEvent (eventID, venueCapacity, name, duration, date) VALUES ('613', '94', 'enim', '6', '2023-10-17');
INSERT INTO communityEvent (eventID, venueCapacity, name, duration, date) VALUES ('614', '100', 'iaculis congue', '8', '2024-03-04');
INSERT INTO communityEvent (eventID, venueCapacity, name, duration, date) VALUES ('615', '176', 'purus phasellus', '2', '2024-03-21');
INSERT INTO communityEvent (eventID, venueCapacity, name, duration, date) VALUES ('616', '158', 'sit amet', '1', '2023-06-28');
INSERT INTO communityEvent (eventID, venueCapacity, name, duration, date) VALUES ('617', '179', 'pulvinar', '8', '2023-10-14');
INSERT INTO communityEvent (eventID, venueCapacity, name, duration, date) VALUES ('618', '124', 'in quis', '2', '2023-11-20');
INSERT INTO communityEvent (eventID, venueCapacity, name, duration, date) VALUES ('619', '187', 'amet', '8', '2024-02-12');
INSERT INTO communityEvent (eventID, venueCapacity, name, duration, date) VALUES ('620', '161', 'in', '7', '2024-03-31');
INSERT INTO communityEvent (eventID, venueCapacity, name, duration, date) VALUES ('621', '145', 'nullam porttitor', '1', '2024-05-05');
INSERT INTO communityEvent (eventID, venueCapacity, name, duration, date) VALUES ('622', '72', 'lorem quisque', '2', '2024-04-05');
INSERT INTO communityEvent (eventID, venueCapacity, name, duration, date) VALUES ('623', '96', 'tortor', '4', '2023-12-08');
INSERT INTO communityEvent (eventID, venueCapacity, name, duration, date) VALUES ('624', '109', 'nisi', '6', '2023-08-05');
INSERT INTO communityEvent (eventID, venueCapacity, name, duration, date) VALUES ('625', '73', 'volutpat', '5', '2023-10-13');
INSERT INTO communityEvent (eventID, venueCapacity, name, duration, date) VALUES ('626', '145', 'feugiat', '7', '2023-06-12');
INSERT INTO communityEvent (eventID, venueCapacity, name, duration, date) VALUES ('627', '12', 'dictumst morbi', '5', '2024-04-27');
INSERT INTO communityEvent (eventID, venueCapacity, name, duration, date) VALUES ('628', '168', 'iaculis justo', '5', '2024-05-13');
INSERT INTO communityEvent (eventID, venueCapacity, name, duration, date) VALUES ('629', '60', 'gravida sem', '5', '2023-06-11');
INSERT INTO communityEvent (eventID, venueCapacity, name, duration, date) VALUES ('630', '89', 'pellentesque ultrices', '6', '2023-08-21');
INSERT INTO communityEvent (eventID, venueCapacity, name, duration, date) VALUES ('631', '3', 'nisl', '4', '2024-05-30');
INSERT INTO communityEvent (eventID, venueCapacity, name, duration, date) VALUES ('632', '95', 'at vulputate', '8', '2024-05-15');
INSERT INTO communityEvent (eventID, venueCapacity, name, duration, date) VALUES ('633', '172', 'hac', '4', '2023-09-05');
INSERT INTO communityEvent (eventID, venueCapacity, name, duration, date) VALUES ('634', '20', 'venenatis non', '7', '2024-05-31');
INSERT INTO communityEvent (eventID, venueCapacity, name, duration, date) VALUES ('635', '33', 'lacinia nisi', '1', '2023-08-03');
INSERT INTO communityEvent (eventID, venueCapacity, name, duration, date) VALUES ('636', '197', 'nullam', '7', '2023-07-13');
INSERT INTO communityEvent (eventID, venueCapacity, name, duration, date) VALUES ('637', '171', 'nunc vestibulum', '3', '2023-08-01');
INSERT INTO communityEvent (eventID, venueCapacity, name, duration, date) VALUES ('638', '109', 'commodo', '1', '2023-07-13');
INSERT INTO communityEvent (eventID, venueCapacity, name, duration, date) VALUES ('639', '11', 'in', '1', '2023-09-29');
INSERT INTO communityEvent (eventID, venueCapacity, name, duration, date) VALUES ('640', '68', 'tincidunt', '4', '2024-02-29');
INSERT INTO communityEvent (eventID, venueCapacity, name, duration, date) VALUES ('641', '146', 'ac', '3', '2023-08-28');
INSERT INTO communityEvent (eventID, venueCapacity, name, duration, date) VALUES ('642', '159', 'augue', '7', '2023-09-26');
INSERT INTO communityEvent (eventID, venueCapacity, name, duration, date) VALUES ('643', '97', 'in lectus', '4', '2024-04-19');
INSERT INTO communityEvent (eventID, venueCapacity, name, duration, date) VALUES ('644', '156', 'nibh ligula', '1', '2024-01-20');
INSERT INTO communityEvent (eventID, venueCapacity, name, duration, date) VALUES ('645', '86', 'elementum', '8', '2023-12-28');
INSERT INTO communityEvent (eventID, venueCapacity, name, duration, date) VALUES ('646', '177', 'est et', '1', '2023-07-05');
INSERT INTO communityEvent (eventID, venueCapacity, name, duration, date) VALUES ('647', '155', 'turpis', '7', '2024-02-13');
INSERT INTO communityEvent (eventID, venueCapacity, name, duration, date) VALUES ('648', '178', 'tellus in', '4', '2024-01-06');
INSERT INTO communityEvent (eventID, venueCapacity, name, duration, date) VALUES ('649', '156', 'convallis duis', '7', '2024-05-16');
INSERT INTO communityEvent (eventID, venueCapacity, name, duration, date) VALUES ('650', '34', 'in', '8', '2024-04-12');
INSERT INTO communityEvent (eventID, venueCapacity, name, duration, date) VALUES ('651', '160', 'massa id', '6', '2023-08-02');
INSERT INTO communityEvent (eventID, venueCapacity, name, duration, date) VALUES ('652', '134', 'feugiat et', '8', '2023-06-27');
INSERT INTO communityEvent (eventID, venueCapacity, name, duration, date) VALUES ('653', '105', 'odio', '3', '2023-06-18');
INSERT INTO communityEvent (eventID, venueCapacity, name, duration, date) VALUES ('654', '128', 'mauris', '7', '2024-05-15');
INSERT INTO communityEvent (eventID, venueCapacity, name, duration, date) VALUES ('655', '88', 'augue vestibulum', '8', '2023-08-17');
INSERT INTO communityEvent (eventID, venueCapacity, name, duration, date) VALUES ('656', '166', 'donec ut', '6', '2024-03-16');
INSERT INTO communityEvent (eventID, venueCapacity, name, duration, date) VALUES ('657', '19', 'sem', '2', '2023-09-03');
INSERT INTO communityEvent (eventID, venueCapacity, name, duration, date) VALUES ('658', '65', 'iaculis', '1', '2024-02-09');
INSERT INTO communityEvent (eventID, venueCapacity, name, duration, date) VALUES ('659', '42', 'erat', '6', '2023-08-15');
INSERT INTO communityEvent (eventID, venueCapacity, name, duration, date) VALUES ('660', '126', 'dapibus nulla', '5', '2024-01-08');
INSERT INTO communityEvent (eventID, venueCapacity, name, duration, date) VALUES ('661', '81', 'interdum', '2', '2023-08-28');
INSERT INTO communityEvent (eventID, venueCapacity, name, duration, date) VALUES ('662', '184', 'id', '3', '2024-04-07');
INSERT INTO communityEvent (eventID, venueCapacity, name, duration, date) VALUES ('663', '134', 'dui', '4', '2023-09-05');
INSERT INTO communityEvent (eventID, venueCapacity, name, duration, date) VALUES ('664', '3', 'phasellus', '8', '2023-12-28');
INSERT INTO communityEvent (eventID, venueCapacity, name, duration, date) VALUES ('665', '134', 'rutrum', '5', '2023-12-11');
INSERT INTO communityEvent (eventID, venueCapacity, name, duration, date) VALUES ('666', '118', 'nulla pede', '1', '2024-02-08');
INSERT INTO communityEvent (eventID, venueCapacity, name, duration, date) VALUES ('667', '65', 'nulla', '7', '2023-07-13');
INSERT INTO communityEvent (eventID, venueCapacity, name, duration, date) VALUES ('668', '18', 'neque', '4', '2023-09-08');
INSERT INTO communityEvent (eventID, venueCapacity, name, duration, date) VALUES ('669', '55', 'consequat morbi', '8', '2023-06-23');
INSERT INTO communityEvent (eventID, venueCapacity, name, duration, date) VALUES ('670', '195', 'at', '6', '2024-01-28');
INSERT INTO communityEvent (eventID, venueCapacity, name, duration, date) VALUES ('671', '192', 'est risus', '2', '2023-07-25');
INSERT INTO communityEvent (eventID, venueCapacity, name, duration, date) VALUES ('672', '66', 'volutpat', '7', '2023-07-19');
INSERT INTO communityEvent (eventID, venueCapacity, name, duration, date) VALUES ('673', '125', 'in hac', '2', '2023-10-17');
INSERT INTO communityEvent (eventID, venueCapacity, name, duration, date) VALUES ('674', '146', 'nulla', '5', '2024-05-04');
INSERT INTO communityEvent (eventID, venueCapacity, name, duration, date) VALUES ('675', '15', 'interdum eu', '6', '2023-07-05');
INSERT INTO communityEvent (eventID, venueCapacity, name, duration, date) VALUES ('676', '23', 'tristique est', '3', '2024-03-27');
INSERT INTO communityEvent (eventID, venueCapacity, name, duration, date) VALUES ('677', '21', 'cubilia curae', '3', '2024-05-25');
INSERT INTO communityEvent (eventID, venueCapacity, name, duration, date) VALUES ('678', '137', 'vel augue', '3', '2024-02-16');
INSERT INTO communityEvent (eventID, venueCapacity, name, duration, date) VALUES ('679', '173', 'curabitur at', '5', '2024-01-19');
INSERT INTO communityEvent (eventID, venueCapacity, name, duration, date) VALUES ('680', '177', 'nulla facilisi', '4', '2023-07-23');
INSERT INTO communityEvent (eventID, venueCapacity, name, duration, date) VALUES ('681', '8', 'pharetra magna', '1', '2023-07-17');
INSERT INTO communityEvent (eventID, venueCapacity, name, duration, date) VALUES ('682', '96', 'ante', '2', '2023-12-30');
INSERT INTO communityEvent (eventID, venueCapacity, name, duration, date) VALUES ('683', '133', 'mattis odio', '2', '2023-06-08');
INSERT INTO communityEvent (eventID, venueCapacity, name, duration, date) VALUES ('684', '160', 'fringilla rhoncus', '6', '2023-12-17');
INSERT INTO communityEvent (eventID, venueCapacity, name, duration, date) VALUES ('685', '64', 'sapien', '6', '2024-02-03');
INSERT INTO communityEvent (eventID, venueCapacity, name, duration, date) VALUES ('686', '124', 'id', '5', '2023-06-20');
INSERT INTO communityEvent (eventID, venueCapacity, name, duration, date) VALUES ('687', '68', 'sagittis', '1', '2023-09-04');
INSERT INTO communityEvent (eventID, venueCapacity, name, duration, date) VALUES ('688', '25', 'sed', '1', '2023-09-06');
INSERT INTO communityEvent (eventID, venueCapacity, name, duration, date) VALUES ('689', '71', 'elit', '1', '2024-01-03');
INSERT INTO communityEvent (eventID, venueCapacity, name, duration, date) VALUES ('690', '148', 'in', '8', '2023-12-07');
INSERT INTO communityEvent (eventID, venueCapacity, name, duration, date) VALUES ('691', '121', 'consectetuer adipiscing', '6', '2023-09-06');
INSERT INTO communityEvent (eventID, venueCapacity, name, duration, date) VALUES ('692', '171', 'suscipit', '8', '2023-10-27');
INSERT INTO communityEvent (eventID, venueCapacity, name, duration, date) VALUES ('693', '50', 'justo', '2', '2023-09-10');
INSERT INTO communityEvent (eventID, venueCapacity, name, duration, date) VALUES ('694', '115', 'platea', '1', '2023-10-08');
INSERT INTO communityEvent (eventID, venueCapacity, name, duration, date) VALUES ('695', '156', 'etiam', '6', '2024-04-04');
INSERT INTO communityEvent (eventID, venueCapacity, name, duration, date) VALUES ('696', '189', 'habitasse platea', '2', '2024-03-10');
INSERT INTO communityEvent (eventID, venueCapacity, name, duration, date) VALUES ('697', '110', 'suspendisse accumsan', '5', '2023-12-26');
INSERT INTO communityEvent (eventID, venueCapacity, name, duration, date) VALUES ('698', '132', 'aenean fermentum', '8', '2024-01-10');
INSERT INTO communityEvent (eventID, venueCapacity, name, duration, date) VALUES ('699', '22', 'mi', '1', '2024-04-22');
INSERT INTO communityEvent (eventID, venueCapacity, name, duration, date) VALUES ('700', '97', 'vel', '1', '2023-06-06');
INSERT INTO communityEvent (eventID, venueCapacity, name, duration, date) VALUES ('701', '123', 'lorem', '7', '2024-03-03');
INSERT INTO communityEvent (eventID, venueCapacity, name, duration, date) VALUES ('702', '130', 'tempus vivamus', '4', '2024-05-02');
INSERT INTO communityEvent (eventID, venueCapacity, name, duration, date) VALUES ('703', '163', 'tempor turpis', '7', '2023-07-05');
INSERT INTO communityEvent (eventID, venueCapacity, name, duration, date) VALUES ('704', '17', 'quis', '2', '2023-12-26');
INSERT INTO communityEvent (eventID, venueCapacity, name, duration, date) VALUES ('705', '80', 'nunc', '6', '2024-03-25');
INSERT INTO communityEvent (eventID, venueCapacity, name, duration, date) VALUES ('706', '157', 'erat nulla', '8', '2024-02-24');
INSERT INTO communityEvent (eventID, venueCapacity, name, duration, date) VALUES ('707', '141', 'sed sagittis', '8', '2024-03-25');
INSERT INTO communityEvent (eventID, venueCapacity, name, duration, date) VALUES ('708', '149', 'sagittis', '7', '2023-10-21');
INSERT INTO communityEvent (eventID, venueCapacity, name, duration, date) VALUES ('709', '182', 'nisi vulputate', '4', '2023-09-30');
INSERT INTO communityEvent (eventID, venueCapacity, name, duration, date) VALUES ('710', '60', 'ultricies eu', '8', '2023-06-04');
INSERT INTO communityEvent (eventID, venueCapacity, name, duration, date) VALUES ('711', '144', 'donec pharetra', '5', '2023-09-20');
INSERT INTO communityEvent (eventID, venueCapacity, name, duration, date) VALUES ('712', '16', 'ante', '7', '2024-03-23');
INSERT INTO communityEvent (eventID, venueCapacity, name, duration, date) VALUES ('713', '137', 'quam', '6', '2023-08-14');
INSERT INTO communityEvent (eventID, venueCapacity, name, duration, date) VALUES ('714', '12', 'integer ac', '2', '2023-09-15');
INSERT INTO communityEvent (eventID, venueCapacity, name, duration, date) VALUES ('715', '47', 'suscipit', '8', '2023-10-24');
INSERT INTO communityEvent (eventID, venueCapacity, name, duration, date) VALUES ('716', '125', 'magna', '3', '2023-10-28');
INSERT INTO communityEvent (eventID, venueCapacity, name, duration, date) VALUES ('717', '178', 'aenean sit', '7', '2023-12-15');
INSERT INTO communityEvent (eventID, venueCapacity, name, duration, date) VALUES ('718', '8', 'ante vivamus', '6', '2024-04-29');
INSERT INTO communityEvent (eventID, venueCapacity, name, duration, date) VALUES ('719', '95', 'donec', '1', '2024-02-21');
INSERT INTO communityEvent (eventID, venueCapacity, name, duration, date) VALUES ('720', '116', 'primis in', '7', '2024-05-09');
INSERT INTO communityEvent (eventID, venueCapacity, name, duration, date) VALUES ('721', '28', 'felis donec', '7', '2023-08-10');
INSERT INTO communityEvent (eventID, venueCapacity, name, duration, date) VALUES ('722', '148', 'nec nisi', '6', '2023-11-28');
INSERT INTO communityEvent (eventID, venueCapacity, name, duration, date) VALUES ('723', '120', 'mattis nibh', '2', '2024-02-28');
INSERT INTO communityEvent (eventID, venueCapacity, name, duration, date) VALUES ('724', '18', 'platea', '5', '2023-06-11');
INSERT INTO communityEvent (eventID, venueCapacity, name, duration, date) VALUES ('725', '41', 'ultrices', '7', '2024-04-15');
INSERT INTO communityEvent (eventID, venueCapacity, name, duration, date) VALUES ('726', '140', 'in', '5', '2023-08-14');
INSERT INTO communityEvent (eventID, venueCapacity, name, duration, date) VALUES ('727', '56', 'ante', '7', '2023-07-30');
INSERT INTO communityEvent (eventID, venueCapacity, name, duration, date) VALUES ('728', '32', 'nibh in', '5', '2023-11-16');
INSERT INTO communityEvent (eventID, venueCapacity, name, duration, date) VALUES ('729', '100', 'ut', '1', '2023-10-21');
INSERT INTO communityEvent (eventID, venueCapacity, name, duration, date) VALUES ('730', '64', 'vel est', '6', '2024-05-04');
INSERT INTO communityEvent (eventID, venueCapacity, name, duration, date) VALUES ('731', '178', 'nulla quisque', '1', '2023-09-29');
INSERT INTO communityEvent (eventID, venueCapacity, name, duration, date) VALUES ('732', '68', 'quis libero', '3', '2024-05-27');
INSERT INTO communityEvent (eventID, venueCapacity, name, duration, date) VALUES ('733', '14', 'sit', '3', '2023-06-05');
INSERT INTO communityEvent (eventID, venueCapacity, name, duration, date) VALUES ('734', '127', 'sit amet', '3', '2024-04-19');
INSERT INTO communityEvent (eventID, venueCapacity, name, duration, date) VALUES ('735', '115', 'nisl nunc', '5', '2023-08-19');
INSERT INTO communityEvent (eventID, venueCapacity, name, duration, date) VALUES ('736', '79', 'blandit lacinia', '5', '2023-12-15');
INSERT INTO communityEvent (eventID, venueCapacity, name, duration, date) VALUES ('737', '99', 'eget massa', '3', '2024-02-16');
INSERT INTO communityEvent (eventID, venueCapacity, name, duration, date) VALUES ('738', '118', 'et tempus', '7', '2024-05-18');
INSERT INTO communityEvent (eventID, venueCapacity, name, duration, date) VALUES ('739', '137', 'donec', '7', '2023-07-11');
INSERT INTO communityEvent (eventID, venueCapacity, name, duration, date) VALUES ('740', '170', 'ac tellus', '5', '2024-01-08');
INSERT INTO communityEvent (eventID, venueCapacity, name, duration, date) VALUES ('741', '104', 'tortor id', '8', '2023-12-17');
INSERT INTO communityEvent (eventID, venueCapacity, name, duration, date) VALUES ('742', '104', 'sed nisl', '8', '2023-08-13');
INSERT INTO communityEvent (eventID, venueCapacity, name, duration, date) VALUES ('743', '121', 'nulla', '4', '2023-12-06');
INSERT INTO communityEvent (eventID, venueCapacity, name, duration, date) VALUES ('744', '39', 'ut', '3', '2023-09-16');
INSERT INTO communityEvent (eventID, venueCapacity, name, duration, date) VALUES ('745', '178', 'bibendum', '5', '2023-09-04');
INSERT INTO communityEvent (eventID, venueCapacity, name, duration, date) VALUES ('746', '105', 'non mattis', '5', '2024-01-12');
INSERT INTO communityEvent (eventID, venueCapacity, name, duration, date) VALUES ('747', '149', 'vulputate vitae', '2', '2023-07-14');
INSERT INTO communityEvent (eventID, venueCapacity, name, duration, date) VALUES ('748', '102', 'auctor', '4', '2024-05-02');
INSERT INTO communityEvent (eventID, venueCapacity, name, duration, date) VALUES ('749', '176', 'sapien', '3', '2024-04-24');
INSERT INTO communityEvent (eventID, venueCapacity, name, duration, date) VALUES ('750', '97', 'quam pharetra', '7', '2024-01-31');
INSERT INTO communityEvent (eventID, venueCapacity, name, duration, date) VALUES ('751', '10', 'posuere metus', '8', '2023-08-19');
INSERT INTO communityEvent (eventID, venueCapacity, name, duration, date) VALUES ('752', '108', 'tortor', '3', '2024-04-16');
INSERT INTO communityEvent (eventID, venueCapacity, name, duration, date) VALUES ('753', '170', 'venenatis lacinia', '7', '2023-07-30');
INSERT INTO communityEvent (eventID, venueCapacity, name, duration, date) VALUES ('754', '44', 'condimentum id', '1', '2024-03-25');
INSERT INTO communityEvent (eventID, venueCapacity, name, duration, date) VALUES ('755', '83', 'tellus', '2', '2023-09-16');
INSERT INTO communityEvent (eventID, venueCapacity, name, duration, date) VALUES ('756', '106', 'risus', '5', '2024-01-18');
INSERT INTO communityEvent (eventID, venueCapacity, name, duration, date) VALUES ('757', '123', 'quam', '5', '2024-02-10');
INSERT INTO communityEvent (eventID, venueCapacity, name, duration, date) VALUES ('758', '148', 'vel', '5', '2024-01-27');
INSERT INTO communityEvent (eventID, venueCapacity, name, duration, date) VALUES ('759', '28', 'pede', '8', '2024-05-18');
INSERT INTO communityEvent (eventID, venueCapacity, name, duration, date) VALUES ('760', '81', 'quis orci', '4', '2023-09-30');
INSERT INTO communityEvent (eventID, venueCapacity, name, duration, date) VALUES ('761', '160', 'et', '4', '2024-05-18');
INSERT INTO communityEvent (eventID, venueCapacity, name, duration, date) VALUES ('762', '175', 'amet sapien', '4', '2023-09-25');
INSERT INTO communityEvent (eventID, venueCapacity, name, duration, date) VALUES ('763', '54', 'mauris', '3', '2024-03-20');
INSERT INTO communityEvent (eventID, venueCapacity, name, duration, date) VALUES ('764', '80', 'ultrices libero', '5', '2023-11-11');
INSERT INTO communityEvent (eventID, venueCapacity, name, duration, date) VALUES ('765', '83', 'velit eu', '8', '2023-10-11');
INSERT INTO communityEvent (eventID, venueCapacity, name, duration, date) VALUES ('766', '108', 'placerat', '7', '2024-01-11');
INSERT INTO communityEvent (eventID, venueCapacity, name, duration, date) VALUES ('767', '115', 'pede justo', '1', '2024-03-09');
INSERT INTO communityEvent (eventID, venueCapacity, name, duration, date) VALUES ('768', '120', 'semper', '4', '2024-02-06');
INSERT INTO communityEvent (eventID, venueCapacity, name, duration, date) VALUES ('769', '73', 'vestibulum', '6', '2023-10-01');
INSERT INTO communityEvent (eventID, venueCapacity, name, duration, date) VALUES ('770', '112', 'ipsum', '7', '2023-09-13');
INSERT INTO communityEvent (eventID, venueCapacity, name, duration, date) VALUES ('771', '5', 'rhoncus', '3', '2023-08-10');
INSERT INTO communityEvent (eventID, venueCapacity, name, duration, date) VALUES ('772', '94', 'velit', '2', '2023-07-14');
INSERT INTO communityEvent (eventID, venueCapacity, name, duration, date) VALUES ('773', '129', 'fusce consequat', '5', '2023-07-24');
INSERT INTO communityEvent (eventID, venueCapacity, name, duration, date) VALUES ('774', '30', 'nunc donec', '6', '2023-06-27');
INSERT INTO communityEvent (eventID, venueCapacity, name, duration, date) VALUES ('775', '2', 'odio condimentum', '4', '2023-11-24');
INSERT INTO communityEvent (eventID, venueCapacity, name, duration, date) VALUES ('776', '122', 'nisi venenatis', '1', '2023-09-24');
INSERT INTO communityEvent (eventID, venueCapacity, name, duration, date) VALUES ('777', '87', 'erat', '4', '2023-07-12');
INSERT INTO communityEvent (eventID, venueCapacity, name, duration, date) VALUES ('778', '22', 'nisl duis', '3', '2023-08-09');
INSERT INTO communityEvent (eventID, venueCapacity, name, duration, date) VALUES ('779', '55', 'dignissim vestibulum', '2', '2023-12-25');
INSERT INTO communityEvent (eventID, venueCapacity, name, duration, date) VALUES ('780', '163', 'id nisl', '1', '2023-07-22');
INSERT INTO communityEvent (eventID, venueCapacity, name, duration, date) VALUES ('781', '126', 'congue etiam', '6', '2023-11-04');
INSERT INTO communityEvent (eventID, venueCapacity, name, duration, date) VALUES ('782', '10', 'non', '7', '2023-11-25');
INSERT INTO communityEvent (eventID, venueCapacity, name, duration, date) VALUES ('783', '175', 'at', '6', '2023-11-26');
INSERT INTO communityEvent (eventID, venueCapacity, name, duration, date) VALUES ('784', '157', 'amet', '6', '2023-12-04');
INSERT INTO communityEvent (eventID, venueCapacity, name, duration, date) VALUES ('785', '99', 'mauris', '7', '2023-08-07');
INSERT INTO communityEvent (eventID, venueCapacity, name, duration, date) VALUES ('786', '27', 'quis', '4', '2024-01-23');
INSERT INTO communityEvent (eventID, venueCapacity, name, duration, date) VALUES ('787', '91', 'id ligula', '6', '2024-03-22');
INSERT INTO communityEvent (eventID, venueCapacity, name, duration, date) VALUES ('788', '126', 'dapibus', '6', '2023-10-30');
INSERT INTO communityEvent (eventID, venueCapacity, name, duration, date) VALUES ('789', '18', 'sapien varius', '7', '2023-12-04');
INSERT INTO communityEvent (eventID, venueCapacity, name, duration, date) VALUES ('790', '166', 'urna', '3', '2024-01-15');
INSERT INTO communityEvent (eventID, venueCapacity, name, duration, date) VALUES ('791', '23', 'diam', '4', '2024-03-07');
INSERT INTO communityEvent (eventID, venueCapacity, name, duration, date) VALUES ('792', '153', 'molestie lorem', '8', '2023-12-03');
INSERT INTO communityEvent (eventID, venueCapacity, name, duration, date) VALUES ('793', '31', 'pede ac', '6', '2023-12-07');
INSERT INTO communityEvent (eventID, venueCapacity, name, duration, date) VALUES ('794', '65', 'et', '6', '2023-12-25');
INSERT INTO communityEvent (eventID, venueCapacity, name, duration, date) VALUES ('795', '148', 'eros viverra', '2', '2023-08-09');
INSERT INTO communityEvent (eventID, venueCapacity, name, duration, date) VALUES ('796', '7', 'orci', '7', '2023-12-30');
INSERT INTO communityEvent (eventID, venueCapacity, name, duration, date) VALUES ('797', '36', 'vel', '1', '2024-01-18');
INSERT INTO communityEvent (eventID, venueCapacity, name, duration, date) VALUES ('798', '94', 'montes', '5', '2024-05-12');
INSERT INTO communityEvent (eventID, venueCapacity, name, duration, date) VALUES ('799', '132', 'cras', '6', '2023-07-27');
INSERT INTO communityEvent (eventID, venueCapacity, name, duration, date) VALUES ('800', '162', 'aliquam lacus', '5', '2023-09-01');
INSERT INTO communityEvent (eventID, venueCapacity, name, duration, date) VALUES ('801', '91', 'aliquet', '5', '2024-03-16');
INSERT INTO communityEvent (eventID, venueCapacity, name, duration, date) VALUES ('802', '188', 'in', '7', '2023-08-19');
INSERT INTO communityEvent (eventID, venueCapacity, name, duration, date) VALUES ('803', '95', 'dis', '4', '2024-02-18');
INSERT INTO communityEvent (eventID, venueCapacity, name, duration, date) VALUES ('804', '89', 'duis', '1', '2023-12-04');
INSERT INTO communityEvent (eventID, venueCapacity, name, duration, date) VALUES ('805', '34', 'ut nulla', '3', '2023-07-25');
INSERT INTO communityEvent (eventID, venueCapacity, name, duration, date) VALUES ('806', '158', 'posuere cubilia', '3', '2024-04-07');
INSERT INTO communityEvent (eventID, venueCapacity, name, duration, date) VALUES ('807', '136', 'ultrices erat', '4', '2023-06-11');
INSERT INTO communityEvent (eventID, venueCapacity, name, duration, date) VALUES ('808', '190', 'nunc rhoncus', '3', '2023-10-25');
INSERT INTO communityEvent (eventID, venueCapacity, name, duration, date) VALUES ('809', '34', 'eu sapien', '2', '2023-07-20');
INSERT INTO communityEvent (eventID, venueCapacity, name, duration, date) VALUES ('810', '133', 'in quis', '7', '2023-08-11');
INSERT INTO communityEvent (eventID, venueCapacity, name, duration, date) VALUES ('811', '94', 'porta volutpat', '1', '2024-04-01');
INSERT INTO communityEvent (eventID, venueCapacity, name, duration, date) VALUES ('812', '44', 'semper', '1', '2024-03-26');
INSERT INTO communityEvent (eventID, venueCapacity, name, duration, date) VALUES ('813', '43', 'ut nulla', '2', '2024-05-21');
INSERT INTO communityEvent (eventID, venueCapacity, name, duration, date) VALUES ('814', '28', 'sapien dignissim', '6', '2023-12-10');
INSERT INTO communityEvent (eventID, venueCapacity, name, duration, date) VALUES ('815', '83', 'mattis odio', '5', '2023-07-30');
INSERT INTO communityEvent (eventID, venueCapacity, name, duration, date) VALUES ('816', '135', 'donec diam', '1', '2023-11-12');
INSERT INTO communityEvent (eventID, venueCapacity, name, duration, date) VALUES ('817', '133', 'luctus et', '8', '2023-11-18');
INSERT INTO communityEvent (eventID, venueCapacity, name, duration, date) VALUES ('818', '81', 'convallis', '1', '2023-10-22');
INSERT INTO communityEvent (eventID, venueCapacity, name, duration, date) VALUES ('819', '47', 'amet', '2', '2024-01-02');
INSERT INTO communityEvent (eventID, venueCapacity, name, duration, date) VALUES ('820', '39', 'ligula', '3', '2023-08-03');
INSERT INTO communityEvent (eventID, venueCapacity, name, duration, date) VALUES ('821', '34', 'leo odio', '7', '2023-06-18');
INSERT INTO communityEvent (eventID, venueCapacity, name, duration, date) VALUES ('822', '6', 'orci', '8', '2024-02-29');
INSERT INTO communityEvent (eventID, venueCapacity, name, duration, date) VALUES ('823', '32', 'sollicitudin', '4', '2024-05-14');
INSERT INTO communityEvent (eventID, venueCapacity, name, duration, date) VALUES ('824', '55', 'sit', '5', '2024-02-24');
INSERT INTO communityEvent (eventID, venueCapacity, name, duration, date) VALUES ('825', '115', 'justo pellentesque', '2', '2023-09-25');
INSERT INTO communityEvent (eventID, venueCapacity, name, duration, date) VALUES ('826', '43', 'nulla mollis', '8', '2023-07-17');
INSERT INTO communityEvent (eventID, venueCapacity, name, duration, date) VALUES ('827', '41', 'vitae consectetuer', '8', '2024-03-12');
INSERT INTO communityEvent (eventID, venueCapacity, name, duration, date) VALUES ('828', '158', 'duis', '3', '2024-04-29');
INSERT INTO communityEvent (eventID, venueCapacity, name, duration, date) VALUES ('829', '35', 'ante', '2', '2023-12-12');
INSERT INTO communityEvent (eventID, venueCapacity, name, duration, date) VALUES ('830', '129', 'justo in', '4', '2023-09-18');
INSERT INTO communityEvent (eventID, venueCapacity, name, duration, date) VALUES ('831', '135', 'eget', '2', '2024-04-21');
INSERT INTO communityEvent (eventID, venueCapacity, name, duration, date) VALUES ('832', '168', 'sollicitudin mi', '3', '2024-03-23');
INSERT INTO communityEvent (eventID, venueCapacity, name, duration, date) VALUES ('833', '172', 'nam dui', '7', '2023-06-14');
INSERT INTO communityEvent (eventID, venueCapacity, name, duration, date) VALUES ('834', '25', 'congue', '4', '2024-01-04');
INSERT INTO communityEvent (eventID, venueCapacity, name, duration, date) VALUES ('835', '67', 'et', '8', '2024-05-24');
INSERT INTO communityEvent (eventID, venueCapacity, name, duration, date) VALUES ('836', '24', 'eu interdum', '1', '2023-07-09');
INSERT INTO communityEvent (eventID, venueCapacity, name, duration, date) VALUES ('837', '69', 'parturient', '7', '2023-06-26');
INSERT INTO communityEvent (eventID, venueCapacity, name, duration, date) VALUES ('838', '199', 'aenean auctor', '3', '2023-07-29');
INSERT INTO communityEvent (eventID, venueCapacity, name, duration, date) VALUES ('839', '146', 'sapien urna', '6', '2023-10-14');
INSERT INTO communityEvent (eventID, venueCapacity, name, duration, date) VALUES ('840', '137', 'purus aliquet', '3', '2024-04-24');
INSERT INTO communityEvent (eventID, venueCapacity, name, duration, date) VALUES ('841', '143', 'adipiscing elit', '2', '2023-09-30');
INSERT INTO communityEvent (eventID, venueCapacity, name, duration, date) VALUES ('842', '61', 'sapien quis', '6', '2024-03-07');
INSERT INTO communityEvent (eventID, venueCapacity, name, duration, date) VALUES ('843', '12', 'a pede', '7', '2023-10-14');
INSERT INTO communityEvent (eventID, venueCapacity, name, duration, date) VALUES ('844', '198', 'cum sociis', '1', '2023-11-16');
INSERT INTO communityEvent (eventID, venueCapacity, name, duration, date) VALUES ('845', '62', 'tempor', '5', '2023-06-27');
INSERT INTO communityEvent (eventID, venueCapacity, name, duration, date) VALUES ('846', '196', 'donec', '8', '2024-03-03');
INSERT INTO communityEvent (eventID, venueCapacity, name, duration, date) VALUES ('847', '15', 'lectus in', '6', '2023-11-02');
INSERT INTO communityEvent (eventID, venueCapacity, name, duration, date) VALUES ('848', '196', 'pulvinar', '5', '2024-05-17');
INSERT INTO communityEvent (eventID, venueCapacity, name, duration, date) VALUES ('849', '76', 'orci eget', '3', '2023-09-12');
INSERT INTO communityEvent (eventID, venueCapacity, name, duration, date) VALUES ('850', '35', 'maecenas', '1', '2023-12-30');
INSERT INTO communityEvent (eventID, venueCapacity, name, duration, date) VALUES ('851', '70', 'risus', '4', '2024-01-07');
INSERT INTO communityEvent (eventID, venueCapacity, name, duration, date) VALUES ('852', '199', 'habitasse platea', '4', '2024-02-14');
INSERT INTO communityEvent (eventID, venueCapacity, name, duration, date) VALUES ('853', '27', 'tincidunt ante', '5', '2024-02-12');
INSERT INTO communityEvent (eventID, venueCapacity, name, duration, date) VALUES ('854', '121', 'mauris enim', '6', '2023-10-01');
INSERT INTO communityEvent (eventID, venueCapacity, name, duration, date) VALUES ('855', '174', 'justo morbi', '5', '2023-12-12');
INSERT INTO communityEvent (eventID, venueCapacity, name, duration, date) VALUES ('856', '80', 'consequat dui', '5', '2023-07-25');
INSERT INTO communityEvent (eventID, venueCapacity, name, duration, date) VALUES ('857', '13', 'quam sollicitudin', '7', '2024-03-17');
INSERT INTO communityEvent (eventID, venueCapacity, name, duration, date) VALUES ('858', '67', 'pede', '6', '2023-12-10');
INSERT INTO communityEvent (eventID, venueCapacity, name, duration, date) VALUES ('859', '68', 'nunc rhoncus', '7', '2024-03-21');
INSERT INTO communityEvent (eventID, venueCapacity, name, duration, date) VALUES ('860', '64', 'magna', '8', '2023-12-20');
INSERT INTO communityEvent (eventID, venueCapacity, name, duration, date) VALUES ('861', '55', 'magna at', '2', '2023-06-15');
INSERT INTO communityEvent (eventID, venueCapacity, name, duration, date) VALUES ('862', '28', 'sem', '8', '2024-05-09');
INSERT INTO communityEvent (eventID, venueCapacity, name, duration, date) VALUES ('863', '64', 'eu nibh', '5', '2023-07-15');
INSERT INTO communityEvent (eventID, venueCapacity, name, duration, date) VALUES ('864', '110', 'ligula nec', '8', '2024-04-30');
INSERT INTO communityEvent (eventID, venueCapacity, name, duration, date) VALUES ('865', '103', 'ullamcorper', '3', '2024-04-02');
INSERT INTO communityEvent (eventID, venueCapacity, name, duration, date) VALUES ('866', '124', 'hendrerit at', '7', '2024-02-12');
INSERT INTO communityEvent (eventID, venueCapacity, name, duration, date) VALUES ('867', '41', 'leo odio', '3', '2024-02-05');
INSERT INTO communityEvent (eventID, venueCapacity, name, duration, date) VALUES ('868', '153', 'hac habitasse', '3', '2023-07-31');
INSERT INTO communityEvent (eventID, venueCapacity, name, duration, date) VALUES ('869', '65', 'eleifend quam', '4', '2023-07-26');
INSERT INTO communityEvent (eventID, venueCapacity, name, duration, date) VALUES ('870', '21', 'pharetra', '3', '2023-06-06');
INSERT INTO communityEvent (eventID, venueCapacity, name, duration, date) VALUES ('871', '121', 'risus auctor', '6', '2023-12-17');
INSERT INTO communityEvent (eventID, venueCapacity, name, duration, date) VALUES ('872', '48', 'volutpat convallis', '5', '2024-04-25');
INSERT INTO communityEvent (eventID, venueCapacity, name, duration, date) VALUES ('873', '181', 'ut ultrices', '6', '2023-08-13');
INSERT INTO communityEvent (eventID, venueCapacity, name, duration, date) VALUES ('874', '197', 'lacinia', '3', '2024-03-21');
INSERT INTO communityEvent (eventID, venueCapacity, name, duration, date) VALUES ('875', '19', 'id ornare', '8', '2024-02-10');
INSERT INTO communityEvent (eventID, venueCapacity, name, duration, date) VALUES ('876', '62', 'eu pede', '1', '2024-03-11');
INSERT INTO communityEvent (eventID, venueCapacity, name, duration, date) VALUES ('877', '179', 'eu', '2', '2023-06-12');
INSERT INTO communityEvent (eventID, venueCapacity, name, duration, date) VALUES ('878', '85', 'pellentesque', '3', '2023-09-20');
INSERT INTO communityEvent (eventID, venueCapacity, name, duration, date) VALUES ('879', '70', 'justo', '2', '2023-06-18');
INSERT INTO communityEvent (eventID, venueCapacity, name, duration, date) VALUES ('880', '8', 'cubilia', '1', '2024-01-23');
INSERT INTO communityEvent (eventID, venueCapacity, name, duration, date) VALUES ('881', '13', 'cursus', '4', '2023-12-24');
INSERT INTO communityEvent (eventID, venueCapacity, name, duration, date) VALUES ('882', '23', 'dapibus duis', '1', '2023-10-18');
INSERT INTO communityEvent (eventID, venueCapacity, name, duration, date) VALUES ('883', '26', 'leo', '7', '2023-08-29');
INSERT INTO communityEvent (eventID, venueCapacity, name, duration, date) VALUES ('884', '142', 'montes nascetur', '1', '2024-01-08');
INSERT INTO communityEvent (eventID, venueCapacity, name, duration, date) VALUES ('885', '105', 'libero', '8', '2023-07-13');
INSERT INTO communityEvent (eventID, venueCapacity, name, duration, date) VALUES ('886', '182', 'felis', '8', '2024-05-22');
INSERT INTO communityEvent (eventID, venueCapacity, name, duration, date) VALUES ('887', '66', 'odio', '3', '2023-09-11');
INSERT INTO communityEvent (eventID, venueCapacity, name, duration, date) VALUES ('888', '75', 'aenean lectus', '4', '2023-08-06');
INSERT INTO communityEvent (eventID, venueCapacity, name, duration, date) VALUES ('889', '10', 'turpis', '5', '2024-01-08');
INSERT INTO communityEvent (eventID, venueCapacity, name, duration, date) VALUES ('890', '130', 'non', '2', '2023-06-30');
INSERT INTO communityEvent (eventID, venueCapacity, name, duration, date) VALUES ('891', '196', 'morbi vel', '1', '2023-07-01');
INSERT INTO communityEvent (eventID, venueCapacity, name, duration, date) VALUES ('892', '43', 'odio', '3', '2023-07-22');
INSERT INTO communityEvent (eventID, venueCapacity, name, duration, date) VALUES ('893', '173', 'tempor', '5', '2024-02-06');
INSERT INTO communityEvent (eventID, venueCapacity, name, duration, date) VALUES ('894', '110', 'nunc', '2', '2024-05-20');
INSERT INTO communityEvent (eventID, venueCapacity, name, duration, date) VALUES ('895', '178', 'rutrum neque', '1', '2023-10-22');
INSERT INTO communityEvent (eventID, venueCapacity, name, duration, date) VALUES ('896', '163', 'habitasse platea', '4', '2024-04-03');
INSERT INTO communityEvent (eventID, venueCapacity, name, duration, date) VALUES ('897', '111', 'metus vitae', '4', '2024-01-17');
INSERT INTO communityEvent (eventID, venueCapacity, name, duration, date) VALUES ('898', '28', 'nisi nam', '3', '2023-08-30');
INSERT INTO communityEvent (eventID, venueCapacity, name, duration, date) VALUES ('899', '51', 'morbi', '8', '2023-12-22');
INSERT INTO communityEvent (eventID, venueCapacity, name, duration, date) VALUES ('900', '115', 'tristique', '1', '2024-05-26');
INSERT INTO communityEvent (eventID, venueCapacity, name, duration, date) VALUES ('901', '101', 'eu', '7', '2023-11-20');
INSERT INTO communityEvent (eventID, venueCapacity, name, duration, date) VALUES ('902', '43', 'laoreet', '7', '2024-03-18');
INSERT INTO communityEvent (eventID, venueCapacity, name, duration, date) VALUES ('903', '179', 'ligula pellentesque', '8', '2023-12-10');
INSERT INTO communityEvent (eventID, venueCapacity, name, duration, date) VALUES ('904', '69', 'justo', '5', '2024-03-24');
INSERT INTO communityEvent (eventID, venueCapacity, name, duration, date) VALUES ('905', '149', 'erat', '5', '2023-12-25');
INSERT INTO communityEvent (eventID, venueCapacity, name, duration, date) VALUES ('906', '21', 'nec', '6', '2024-04-10');
INSERT INTO communityEvent (eventID, venueCapacity, name, duration, date) VALUES ('907', '101', 'vitae nisi', '7', '2024-01-20');
INSERT INTO communityEvent (eventID, venueCapacity, name, duration, date) VALUES ('908', '11', 'vestibulum', '3', '2023-07-18');
INSERT INTO communityEvent (eventID, venueCapacity, name, duration, date) VALUES ('909', '127', 'interdum eu', '8', '2023-10-30');
INSERT INTO communityEvent (eventID, venueCapacity, name, duration, date) VALUES ('910', '156', 'sapien in', '6', '2023-12-03');
INSERT INTO communityEvent (eventID, venueCapacity, name, duration, date) VALUES ('911', '155', 'ac', '4', '2023-11-29');
INSERT INTO communityEvent (eventID, venueCapacity, name, duration, date) VALUES ('912', '134', 'sit amet', '8', '2023-07-24');
INSERT INTO communityEvent (eventID, venueCapacity, name, duration, date) VALUES ('913', '175', 'cum sociis', '4', '2024-05-27');
INSERT INTO communityEvent (eventID, venueCapacity, name, duration, date) VALUES ('914', '109', 'nascetur', '3', '2024-03-28');
INSERT INTO communityEvent (eventID, venueCapacity, name, duration, date) VALUES ('915', '41', 'imperdiet nullam', '2', '2023-07-22');
INSERT INTO communityEvent (eventID, venueCapacity, name, duration, date) VALUES ('916', '164', 'eleifend', '7', '2023-07-15');
INSERT INTO communityEvent (eventID, venueCapacity, name, duration, date) VALUES ('917', '197', 'ante nulla', '1', '2023-11-20');
INSERT INTO communityEvent (eventID, venueCapacity, name, duration, date) VALUES ('918', '110', 'sapien a', '4', '2023-07-05');
INSERT INTO communityEvent (eventID, venueCapacity, name, duration, date) VALUES ('919', '68', 'morbi odio', '2', '2024-01-30');
INSERT INTO communityEvent (eventID, venueCapacity, name, duration, date) VALUES ('920', '139', 'cubilia', '8', '2024-01-28');
INSERT INTO communityEvent (eventID, venueCapacity, name, duration, date) VALUES ('921', '164', 'dui', '4', '2023-11-09');
INSERT INTO communityEvent (eventID, venueCapacity, name, duration, date) VALUES ('922', '185', 'tincidunt lacus', '4', '2023-07-28');
INSERT INTO communityEvent (eventID, venueCapacity, name, duration, date) VALUES ('923', '12', 'tempus semper', '8', '2023-12-07');
INSERT INTO communityEvent (eventID, venueCapacity, name, duration, date) VALUES ('924', '128', 'porttitor', '4', '2024-01-09');
INSERT INTO communityEvent (eventID, venueCapacity, name, duration, date) VALUES ('925', '60', 'fermentum', '6', '2023-11-14');
INSERT INTO communityEvent (eventID, venueCapacity, name, duration, date) VALUES ('926', '45', 'arcu', '1', '2024-03-01');
INSERT INTO communityEvent (eventID, venueCapacity, name, duration, date) VALUES ('927', '33', 'porta', '8', '2023-11-23');
INSERT INTO communityEvent (eventID, venueCapacity, name, duration, date) VALUES ('928', '63', 'penatibus et', '8', '2024-02-14');
INSERT INTO communityEvent (eventID, venueCapacity, name, duration, date) VALUES ('929', '162', 'eleifend quam', '6', '2023-11-29');
INSERT INTO communityEvent (eventID, venueCapacity, name, duration, date) VALUES ('930', '172', 'a nibh', '7', '2024-01-22');
INSERT INTO communityEvent (eventID, venueCapacity, name, duration, date) VALUES ('931', '144', 'eu massa', '1', '2023-06-14');
INSERT INTO communityEvent (eventID, venueCapacity, name, duration, date) VALUES ('932', '144', 'eget nunc', '5', '2023-10-05');
INSERT INTO communityEvent (eventID, venueCapacity, name, duration, date) VALUES ('933', '6', 'posuere', '2', '2024-05-03');
INSERT INTO communityEvent (eventID, venueCapacity, name, duration, date) VALUES ('934', '135', 'at', '5', '2023-06-28');
INSERT INTO communityEvent (eventID, venueCapacity, name, duration, date) VALUES ('935', '66', 'felis donec', '3', '2023-12-24');
INSERT INTO communityEvent (eventID, venueCapacity, name, duration, date) VALUES ('936', '133', 'porta volutpat', '6', '2023-08-11');
INSERT INTO communityEvent (eventID, venueCapacity, name, duration, date) VALUES ('937', '131', 'vestibulum', '1', '2024-01-02');
INSERT INTO communityEvent (eventID, venueCapacity, name, duration, date) VALUES ('938', '34', 'vestibulum', '8', '2024-05-22');
INSERT INTO communityEvent (eventID, venueCapacity, name, duration, date) VALUES ('939', '155', 'et ultrices', '3', '2024-04-30');
INSERT INTO communityEvent (eventID, venueCapacity, name, duration, date) VALUES ('940', '171', 'elementum in', '1', '2023-10-26');
INSERT INTO communityEvent (eventID, venueCapacity, name, duration, date) VALUES ('941', '195', 'elementum', '3', '2023-11-02');
INSERT INTO communityEvent (eventID, venueCapacity, name, duration, date) VALUES ('942', '75', 'amet consectetuer', '2', '2024-03-04');
INSERT INTO communityEvent (eventID, venueCapacity, name, duration, date) VALUES ('943', '18', 'eleifend', '8', '2024-01-02');
INSERT INTO communityEvent (eventID, venueCapacity, name, duration, date) VALUES ('944', '148', 'vitae', '5', '2024-04-08');
INSERT INTO communityEvent (eventID, venueCapacity, name, duration, date) VALUES ('945', '131', 'sit amet', '6', '2024-01-04');
INSERT INTO communityEvent (eventID, venueCapacity, name, duration, date) VALUES ('946', '156', 'tincidunt eget', '6', '2023-11-21');
INSERT INTO communityEvent (eventID, venueCapacity, name, duration, date) VALUES ('947', '103', 'justo sit', '8', '2024-03-04');
INSERT INTO communityEvent (eventID, venueCapacity, name, duration, date) VALUES ('948', '160', 'tincidunt eget', '7', '2024-02-17');
INSERT INTO communityEvent (eventID, venueCapacity, name, duration, date) VALUES ('949', '184', 'felis', '1', '2023-08-24');
INSERT INTO communityEvent (eventID, venueCapacity, name, duration, date) VALUES ('950', '100', 'aliquam lacus', '1', '2023-08-24');
INSERT INTO communityEvent (eventID, venueCapacity, name, duration, date) VALUES ('951', '14', 'sit', '5', '2024-03-25');
INSERT INTO communityEvent (eventID, venueCapacity, name, duration, date) VALUES ('952', '174', 'pretium', '5', '2023-11-13');
INSERT INTO communityEvent (eventID, venueCapacity, name, duration, date) VALUES ('953', '163', 'vestibulum', '4', '2023-10-21');
INSERT INTO communityEvent (eventID, venueCapacity, name, duration, date) VALUES ('954', '57', 'luctus', '1', '2023-10-16');
INSERT INTO communityEvent (eventID, venueCapacity, name, duration, date) VALUES ('955', '105', 'integer pede', '6', '2023-07-30');
INSERT INTO communityEvent (eventID, venueCapacity, name, duration, date) VALUES ('956', '112', 'condimentum', '4', '2023-10-07');
INSERT INTO communityEvent (eventID, venueCapacity, name, duration, date) VALUES ('957', '42', 'aliquet', '2', '2023-11-12');
INSERT INTO communityEvent (eventID, venueCapacity, name, duration, date) VALUES ('958', '67', 'lacinia nisi', '6', '2023-12-30');
INSERT INTO communityEvent (eventID, venueCapacity, name, duration, date) VALUES ('959', '32', 'eget eros', '8', '2023-11-20');
INSERT INTO communityEvent (eventID, venueCapacity, name, duration, date) VALUES ('960', '186', 'ipsum dolor', '5', '2023-07-20');
INSERT INTO communityEvent (eventID, venueCapacity, name, duration, date) VALUES ('961', '176', 'lacus', '4', '2024-04-20');
INSERT INTO communityEvent (eventID, venueCapacity, name, duration, date) VALUES ('962', '45', 'suspendisse potenti', '5', '2023-08-09');
INSERT INTO communityEvent (eventID, venueCapacity, name, duration, date) VALUES ('963', '82', 'et tempus', '2', '2023-11-25');
INSERT INTO communityEvent (eventID, venueCapacity, name, duration, date) VALUES ('964', '152', 'sed', '5', '2023-08-26');
INSERT INTO communityEvent (eventID, venueCapacity, name, duration, date) VALUES ('965', '25', 'sit', '4', '2023-06-17');
INSERT INTO communityEvent (eventID, venueCapacity, name, duration, date) VALUES ('966', '38', 'mollis', '8', '2023-09-15');
INSERT INTO communityEvent (eventID, venueCapacity, name, duration, date) VALUES ('967', '3', 'sit', '1', '2024-03-26');
INSERT INTO communityEvent (eventID, venueCapacity, name, duration, date) VALUES ('968', '200', 'aliquam lacus', '2', '2024-06-03');
INSERT INTO communityEvent (eventID, venueCapacity, name, duration, date) VALUES ('969', '190', 'sed vestibulum', '1', '2024-05-25');
INSERT INTO communityEvent (eventID, venueCapacity, name, duration, date) VALUES ('970', '80', 'in', '1', '2024-04-02');
INSERT INTO communityEvent (eventID, venueCapacity, name, duration, date) VALUES ('971', '137', 'sodales sed', '6', '2023-09-08');
INSERT INTO communityEvent (eventID, venueCapacity, name, duration, date) VALUES ('972', '181', 'pede justo', '6', '2023-09-27');
INSERT INTO communityEvent (eventID, venueCapacity, name, duration, date) VALUES ('973', '4', 'sit amet', '6', '2023-11-10');
INSERT INTO communityEvent (eventID, venueCapacity, name, duration, date) VALUES ('974', '33', 'rutrum at', '5', '2023-07-12');
INSERT INTO communityEvent (eventID, venueCapacity, name, duration, date) VALUES ('975', '117', 'proin', '8', '2024-02-27');
INSERT INTO communityEvent (eventID, venueCapacity, name, duration, date) VALUES ('976', '100', 'justo in', '8', '2023-06-08');
INSERT INTO communityEvent (eventID, venueCapacity, name, duration, date) VALUES ('977', '170', 'lorem ipsum', '8', '2023-12-18');
INSERT INTO communityEvent (eventID, venueCapacity, name, duration, date) VALUES ('978', '11', 'tristique tortor', '3', '2023-06-27');
INSERT INTO communityEvent (eventID, venueCapacity, name, duration, date) VALUES ('979', '178', 'tellus in', '4', '2024-03-04');
INSERT INTO communityEvent (eventID, venueCapacity, name, duration, date) VALUES ('980', '173', 'rutrum ac', '7', '2024-03-31');
INSERT INTO communityEvent (eventID, venueCapacity, name, duration, date) VALUES ('981', '9', 'amet eleifend', '3', '2024-05-28');
INSERT INTO communityEvent (eventID, venueCapacity, name, duration, date) VALUES ('982', '22', 'parturient', '2', '2024-02-19');
INSERT INTO communityEvent (eventID, venueCapacity, name, duration, date) VALUES ('983', '104', 'turpis', '5', '2023-06-16');
INSERT INTO communityEvent (eventID, venueCapacity, name, duration, date) VALUES ('984', '123', 'a suscipit', '2', '2024-02-17');
INSERT INTO communityEvent (eventID, venueCapacity, name, duration, date) VALUES ('985', '117', 'luctus et', '4', '2024-04-04');
INSERT INTO communityEvent (eventID, venueCapacity, name, duration, date) VALUES ('986', '198', 'risus praesent', '3', '2024-02-24');
INSERT INTO communityEvent (eventID, venueCapacity, name, duration, date) VALUES ('987', '40', 'suscipit', '4', '2024-02-05');
INSERT INTO communityEvent (eventID, venueCapacity, name, duration, date) VALUES ('988', '3', 'ultrices', '2', '2023-06-25');
INSERT INTO communityEvent (eventID, venueCapacity, name, duration, date) VALUES ('989', '57', 'proin', '5', '2023-11-28');
INSERT INTO communityEvent (eventID, venueCapacity, name, duration, date) VALUES ('990', '175', 'eu orci', '2', '2023-07-21');
INSERT INTO communityEvent (eventID, venueCapacity, name, duration, date) VALUES ('991', '116', 'tincidunt in', '1', '2024-03-23');
INSERT INTO communityEvent (eventID, venueCapacity, name, duration, date) VALUES ('992', '87', 'vel nisl', '2', '2023-08-28');
INSERT INTO communityEvent (eventID, venueCapacity, name, duration, date) VALUES ('993', '173', 'quam', '6', '2023-12-15');
INSERT INTO communityEvent (eventID, venueCapacity, name, duration, date) VALUES ('994', '167', 'turpis', '3', '2024-03-16');
INSERT INTO communityEvent (eventID, venueCapacity, name, duration, date) VALUES ('995', '175', 'facilisi cras', '4', '2024-04-02');
INSERT INTO communityEvent (eventID, venueCapacity, name, duration, date) VALUES ('996', '10', 'libero convallis', '3', '2024-02-19');
INSERT INTO communityEvent (eventID, venueCapacity, name, duration, date) VALUES ('997', '101', 'non mattis', '7', '2024-03-09');
INSERT INTO communityEvent (eventID, venueCapacity, name, duration, date) VALUES ('998', '40', 'at', '1', '2024-03-11');
INSERT INTO communityEvent (eventID, venueCapacity, name, duration, date) VALUES ('999', '41', 'bibendum', '1', '2023-09-07');
INSERT INTO communityEvent (eventID, venueCapacity, name, duration, date) VALUES ('1000', '166', 'volutpat in', '6', '2024-01-25');

USE subleva;

INSERT INTO attendeeEvents (eventID, attendeeID) VALUES ('187', '17');
INSERT INTO attendeeEvents (eventID, attendeeID) VALUES ('958', '13');
INSERT INTO attendeeEvents (eventID, attendeeID) VALUES ('724', '47');
INSERT INTO attendeeEvents (eventID, attendeeID) VALUES ('675', '36');
INSERT INTO attendeeEvents (eventID, attendeeID) VALUES ('372', '50');
INSERT INTO attendeeEvents (eventID, attendeeID) VALUES ('340', '32');
INSERT INTO attendeeEvents (eventID, attendeeID) VALUES ('15', '18');
INSERT INTO attendeeEvents (eventID, attendeeID) VALUES ('404', '49');
INSERT INTO attendeeEvents (eventID, attendeeID) VALUES ('398', '24');
INSERT INTO attendeeEvents (eventID, attendeeID) VALUES ('314', '12');
INSERT INTO attendeeEvents (eventID, attendeeID) VALUES ('343', '15');
INSERT INTO attendeeEvents (eventID, attendeeID) VALUES ('881', '41');
INSERT INTO attendeeEvents (eventID, attendeeID) VALUES ('931', '44');
INSERT INTO attendeeEvents (eventID, attendeeID) VALUES ('690', '6');
INSERT INTO attendeeEvents (eventID, attendeeID) VALUES ('544', '21');
INSERT INTO attendeeEvents (eventID, attendeeID) VALUES ('836', '43');
INSERT INTO attendeeEvents (eventID, attendeeID) VALUES ('495', '30');
INSERT INTO attendeeEvents (eventID, attendeeID) VALUES ('49', '33');
INSERT INTO attendeeEvents (eventID, attendeeID) VALUES ('327', '29');
INSERT INTO attendeeEvents (eventID, attendeeID) VALUES ('16', '20');
INSERT INTO attendeeEvents (eventID, attendeeID) VALUES ('149', '5');
INSERT INTO attendeeEvents (eventID, attendeeID) VALUES ('705', '25');
INSERT INTO attendeeEvents (eventID, attendeeID) VALUES ('758', '22');

DROP TABLE IF EXISTS model1_params;
CREATE TABLE IF NOT EXISTS model1_params (
    beta_vals LONGTEXT
);
INSERT INTO model1_params (beta_vals) VALUES ('[ -11.189063, 0.00657606, -1.77841744, -1.2832241 , -2.12463282, -2.33197343,
       -2.18232304, -1.6609086 , -1.26502699, -2.04542162, -2.27506478,
       -2.2812903 , -1.26957965, -2.05973826, -1.32056226,  0.28477442,
       -2.10320113, -1.75817804, -2.2829184 , -2.03031371, -1.35753525,
       -2.03546333, -1.636657  , -0.96578071, -2.01102748, -2.32092311,
       -2.20148675, -1.00011601, -0.52893714, -2.3135955 , -1.82623765,
       -0.60812822, -1.20680105, -2.20299596, -0.82739702, -0.13280885,
       -1.97478515, -1.81217596, -1.85404245, -2.09568796, -1.7802394 ,
       -1.77191663, -0.36780429, -2.05343349, -1.24497814, -1.83085538,
       -1.83027334, -2.02920071, -2.28660117, -2.27034977,  0.51106508,
       -2.28387902,  0.06222744, -1.53372582, -1.76367056, -0.58455716,
       -1.96097165, -0.45231696, -2.21591496, -1.39806335,  1.05869968,
       -2.09720948, -2.28272537, -2.28386038, -1.28165523, -0.6040314 ,
       -1.37433571,  0.36101178, -0.91010364, -2.28972179, -2.22610491,
       -1.4621265 , -1.10673551, -1.49016867, -2.12797223, -2.17667094,
       -2.11367469, -2.27756578, -2.27868523, -1.03048449, -0.88896513,
       -0.20364972, -0.19893764, -1.62508871, -2.26656465, -2.28636496,
       -2.07366698, -2.27262915, -0.797841  , -1.1362499 ,  0.44468015,
       -1.5074468 , -1.35147764, -2.19073955, -1.05413698, -1.80750465,
       -1.18695712,  0.02929037, -2.26236722, -2.20150737, -2.29073967,
       -1.83515616, -0.03214214, -0.87582788, -0.42332612, -2.28438321,
       -1.12566324, -2.08040659, -1.5084294 , -2.05747447, -2.31206359,
       -2.09410999, -1.40317556, -2.06061412, -1.25350977, -0.58217869,
       -2.32094033, -1.11096476, -2.02860469, -0.6540188 , -2.28397919,
       -2.28035187, -1.61805904, -0.68575394, -0.97086375, -1.58870176,
       -2.28266556, -1.18022079, -0.8013649 , -1.89431212, -2.0101317 ,
       -1.85495622, -2.05710993, -1.83085142, -2.27142582, -2.28747581,
       -1.63774263, -1.84742112, -1.92146101, -1.80673563, -2.28136897,
       -0.25786747, -2.24629711, -2.09664658, -2.29531637, -2.04621335,
       -1.59948816, -1.10126917, -1.66697084, -0.84480584, -2.22635614,
       -2.06311699, -2.24297025, -2.05568837, -2.15743053, -0.74153378,
       -1.91978298,  1.91550769, -2.28693232, -1.31203597,  0.59764416,
       -2.05031715, -2.28202682, -0.9464864 , -1.00798072, -1.37611709,
       -0.72180175, -2.0940014 , -0.82642367, -2.02905792, -1.47871402,
       -1.95709553, -2.08224367, -0.68022212,  0.98842482, -2.0364671 ,
       -1.33945118, -2.28598868,  0.93840192, -2.14141969, -1.74854516,
       -1.40999911, -2.13236155, -1.7600597 , -2.29060771,  0.09955894,
       -0.1761455 , -0.86527773,  0.06847763,  0.10816341,  0.74590844,
        0.1248014 , -0.12657619]');

DROP TABLE IF EXISTS country_table;
CREATE TABLE country_table (
  index_num BIGINT,
  country VARCHAR(1024)
);

INSERT INTO country_table (index_num, country) VALUES (0, 'Albania');
INSERT INTO country_table (index_num, country) VALUES (1,'Algeria');
INSERT INTO country_table (index_num, country) VALUES(2,'Angola');
INSERT INTO country_table (index_num, country) VALUES (3,'Anguilla');
INSERT INTO country_table (index_num, country) VALUES (4,'Antigua and Barbuda');
INSERT INTO country_table (index_num, country) VALUES (5,'Argentina');
INSERT INTO country_table (index_num, country) VALUES (6,'Armenia');
INSERT INTO country_table (index_num, country) VALUES (7,'Aruba');
INSERT INTO country_table (index_num, country) VALUES (8,'Australia');
INSERT INTO country_table (index_num, country) VALUES (9,'Austria');
INSERT INTO country_table (index_num, country) VALUES (10,'Azerbaijan');
INSERT INTO country_table (index_num, country) VALUES (11,'Bahamas');
INSERT INTO country_table (index_num, country) VALUES (12,'Bahrain');
INSERT INTO country_table (index_num, country) VALUES (13,'Bangladesh');
INSERT INTO country_table (index_num, country) VALUES (14,'Barbados');
INSERT INTO country_table (index_num, country) VALUES (15,'Belarus');
INSERT INTO country_table (index_num, country) VALUES (16,'Belgium');
INSERT INTO country_table (index_num, country) VALUES (17,'Belize');
INSERT INTO country_table (index_num, country) VALUES (18,'Benin');
INSERT INTO country_table (index_num, country) VALUES (19,'Bolivia, Plurinational State of)');
INSERT INTO country_table (index_num, country) VALUES (20,'Bosnia and Herzegovina');
INSERT INTO country_table (index_num, country) VALUES (21,'Botswana');
INSERT INTO country_table (index_num, country) VALUES (22,'Brazil');
INSERT INTO country_table (index_num, country) VALUES (23,'Brunei Darussalam');
INSERT INTO country_table (index_num, country) VALUES (24,'Bulgaria');
INSERT INTO country_table (index_num, country) VALUES (25,'Burkina Faso');
INSERT INTO country_table (index_num, country) VALUES (26,'Burundi');
INSERT INTO country_table (index_num, country) VALUES (27,'Cabo Verde');
INSERT INTO country_table (index_num, country) VALUES (28,'Cambodia');
INSERT INTO country_table (index_num, country) VALUES (29,'Cameroon');
INSERT INTO country_table (index_num, country) VALUES (30,'Canada');
INSERT INTO country_table (index_num, country) VALUES (31,'Cayman Islands');
INSERT INTO country_table (index_num, country) VALUES (32,'Central African Rep.');
INSERT INTO country_table (index_num, country) VALUES (33,'Chad');
INSERT INTO country_table (index_num, country) VALUES (34,'Chile');
INSERT INTO country_table (index_num, country) VALUES (35,'China');
INSERT INTO country_table (index_num, country) VALUES (36,'China, Hong Kong SAR');
INSERT INTO country_table (index_num, country) VALUES (37,'China, Macao SAR');
INSERT INTO country_table (index_num, country) VALUES (38,'Colombia');
INSERT INTO country_table (index_num, country) VALUES (39,'Comoros');
INSERT INTO country_table (index_num, country) VALUES (40,'Congo');
INSERT INTO country_table (index_num, country) VALUES (41,'Costa Rica');
INSERT INTO country_table (index_num, country) VALUES (42,'Cote d''Ivoire');
INSERT INTO country_table (index_num, country) VALUES (43,'Croatia');
INSERT INTO country_table (index_num, country) VALUES (44,'Cuba');
INSERT INTO country_table (index_num, country) VALUES (45,'Curacao');
INSERT INTO country_table (index_num, country) VALUES (46,'Cyprus');
INSERT INTO country_table (index_num, country) VALUES (47,'Czechia');
INSERT INTO country_table (index_num, country) VALUES (48,'Dem. Rep. of the Congo');
INSERT INTO country_table (index_num, country) VALUES (49,'Denmark');
INSERT INTO country_table (index_num, country) VALUES (50,'Djibouti');
INSERT INTO country_table (index_num, country) VALUES (51,'Dominican Rep.');
INSERT INTO country_table (index_num, country) VALUES (52,'Ecuador');
INSERT INTO country_table (index_num, country) VALUES (53,'Egypt');
INSERT INTO country_table (index_num, country) VALUES (54,'El Salvador');
INSERT INTO country_table (index_num, country) VALUES (55,'Eritrea');
INSERT INTO country_table (index_num, country) VALUES (56,'Estonia');
INSERT INTO country_table (index_num, country) VALUES (57,'Eswatini');
INSERT INTO country_table (index_num, country) VALUES (58,'Ethiopia');
INSERT INTO country_table (index_num, country) VALUES (59,'Fiji');
INSERT INTO country_table (index_num, country) VALUES (60,'Finland');
INSERT INTO country_table (index_num, country) VALUES (61,'France');
INSERT INTO country_table (index_num, country) VALUES (62,'Gabon');
INSERT INTO country_table (index_num, country) VALUES (63,'Gambia');
INSERT INTO country_table (index_num, country) VALUES (64,'Georgia');
INSERT INTO country_table (index_num, country) VALUES (65,'Germany');
INSERT INTO country_table (index_num, country) VALUES (66,'Ghana');
INSERT INTO country_table (index_num, country) VALUES (67,'Greece');
INSERT INTO country_table (index_num, country) VALUES (68,'Grenada');
INSERT INTO country_table (index_num, country) VALUES (69,'Guatemala');
INSERT INTO country_table (index_num, country) VALUES (70,'Guinea');
INSERT INTO country_table (index_num, country) VALUES (71,'Guinea-Bissau');
INSERT INTO country_table (index_num, country) VALUES (72,'Guyana');
INSERT INTO country_table (index_num, country) VALUES (73,'Haiti');
INSERT INTO country_table (index_num, country) VALUES (74,'Honduras');
INSERT INTO country_table (index_num, country) VALUES (75,'Hungary');
INSERT INTO country_table (index_num, country) VALUES (76,'Iceland');
INSERT INTO country_table (index_num, country) VALUES (77,'India');
INSERT INTO country_table (index_num, country) VALUES (78,'Indonesia');
INSERT INTO country_table (index_num, country) VALUES (79,'Iran, Islamic Rep. of)');
INSERT INTO country_table (index_num, country) VALUES (80,'Iraq');
INSERT INTO country_table (index_num, country) VALUES (81,'Ireland');
INSERT INTO country_table (index_num, country) VALUES (82,'Israel');
INSERT INTO country_table (index_num, country) VALUES (83,'Italy');
INSERT INTO country_table (index_num, country) VALUES (84,'Jamaica');
INSERT INTO country_table (index_num, country) VALUES (85,'Japan');
INSERT INTO country_table (index_num, country) VALUES (86,'Jordan');
INSERT INTO country_table (index_num, country) VALUES (87,'Kazakhstan');
INSERT INTO country_table (index_num, country) VALUES (88,'Kenya');
INSERT INTO country_table (index_num, country) VALUES (89,'Kuwait');
INSERT INTO country_table (index_num, country) VALUES (90,'Kyrgyzstan');
INSERT INTO country_table (index_num, country) VALUES (91,'Latvia');
INSERT INTO country_table (index_num, country) VALUES (92,'Lebanon');
INSERT INTO country_table (index_num, country) VALUES (93,'Lesotho');
INSERT INTO country_table (index_num, country) VALUES (94,'Liberia');
INSERT INTO country_table (index_num, country) VALUES (95,'Libya');
INSERT INTO country_table (index_num, country) VALUES (96,'Liechtenstein');
INSERT INTO country_table (index_num, country) VALUES (97,'Lithuania');
INSERT INTO country_table (index_num, country) VALUES (98,'Luxembourg');
INSERT INTO country_table (index_num, country) VALUES (99,'Madagascar');
INSERT INTO country_table (index_num, country) VALUES (100,'Malawi');
INSERT INTO country_table (index_num, country) VALUES (101,'Malaysia');
INSERT INTO country_table (index_num, country) VALUES (102,'Mali');
INSERT INTO country_table (index_num, country) VALUES (103,'Malta');
INSERT INTO country_table (index_num, country) VALUES (104,'Mauritania');
INSERT INTO country_table (index_num, country) VALUES (105,'Mauritius');
INSERT INTO country_table (index_num, country) VALUES (106,'Mexico');
INSERT INTO country_table (index_num, country) VALUES (107,'Micronesia, Federated States of');
INSERT INTO country_table (index_num, country) VALUES (108,'Monaco');
INSERT INTO country_table (index_num, country) VALUES (109,'Mongolia');
INSERT INTO country_table (index_num, country) VALUES (110,'Montenegro');
INSERT INTO country_table (index_num, country) VALUES (111,'Montserrat');
INSERT INTO country_table (index_num, country) VALUES (112,'Morocco');
INSERT INTO country_table (index_num, country) VALUES (113,'Mozambique');
INSERT INTO country_table (index_num, country) VALUES (114,'Myanmar');
INSERT INTO country_table (index_num, country) VALUES (115,'Namibia');
INSERT INTO country_table (index_num, country) VALUES (116,'Nauru');
INSERT INTO country_table (index_num, country) VALUES (117,'Nepal');
INSERT INTO country_table (index_num, country) VALUES (118,'Netherlands, Kingdom of the');
INSERT INTO country_table (index_num, country) VALUES (119,'New Zealand');
INSERT INTO country_table (index_num, country) VALUES (120,'Nicaragua');
INSERT INTO country_table (index_num, country) VALUES (121,'Niger');
INSERT INTO country_table (index_num, country) VALUES (122,'Nigeria');
INSERT INTO country_table (index_num, country) VALUES (123,'North Macedonia');
INSERT INTO country_table (index_num, country) VALUES (124,'Norway');
INSERT INTO country_table (index_num, country) VALUES (125,'Oman');
INSERT INTO country_table (index_num, country) VALUES (126,'Pakistan');
INSERT INTO country_table (index_num, country) VALUES (127,'Panama');
INSERT INTO country_table (index_num, country) VALUES (128,'Papua New Guinea');
INSERT INTO country_table (index_num, country) VALUES (129,'Paraguay');
INSERT INTO country_table (index_num, country) VALUES (130,'Peru');
INSERT INTO country_table (index_num, country) VALUES (131,'Philippines');
INSERT INTO country_table (index_num, country) VALUES (132,'Poland');
INSERT INTO country_table (index_num, country) VALUES (133,'Portugal');
INSERT INTO country_table (index_num, country) VALUES (134,'Qatar');
INSERT INTO country_table (index_num, country) VALUES (135,'Rep. of Korea');
INSERT INTO country_table (index_num, country) VALUES (136,'Rep. of Moldova');
INSERT INTO country_table (index_num, country) VALUES (137,'Romania');
INSERT INTO country_table (index_num, country) VALUES (138,'Russian Federation');
INSERT INTO country_table (index_num, country) VALUES (139,'Rwanda');
INSERT INTO country_table (index_num, country) VALUES (140,'Saint Kitts and Nevis');
INSERT INTO country_table (index_num, country) VALUES (141,'Saint Lucia');
INSERT INTO country_table (index_num, country) VALUES (142,'Saint Vincent and the Grenadines');
INSERT INTO country_table (index_num, country) VALUES (143,'Samoa');
INSERT INTO country_table (index_num, country) VALUES (144,'Saudi Arabia');
INSERT INTO country_table (index_num, country) VALUES (145,'Senegal');
INSERT INTO country_table (index_num, country) VALUES (146,'Serbia and Kosovo: (1999)');
INSERT INTO country_table (index_num, country) VALUES (147,'Sierra Leone');
INSERT INTO country_table (index_num, country) VALUES (148,'Singapore');
INSERT INTO country_table (index_num, country) VALUES (149,'Sint Maarten, Dutch part');
INSERT INTO country_table (index_num, country) VALUES (150,'Slovakia');
INSERT INTO country_table (index_num, country) VALUES (151,'Slovenia');
INSERT INTO country_table (index_num, country) VALUES (152,'Solomon Islands');
INSERT INTO country_table (index_num, country) VALUES (153,'Somalia');
INSERT INTO country_table (index_num, country) VALUES (154,'South Africa');
INSERT INTO country_table (index_num, country) VALUES (155,'South Sudan');
INSERT INTO country_table (index_num, country) VALUES (156,'Spain');
INSERT INTO country_table (index_num, country) VALUES (157,'Sri Lanka');
INSERT INTO country_table (index_num, country) VALUES (158,'Sudan');
INSERT INTO country_table (index_num, country) VALUES (159,'Suriname');
INSERT INTO country_table (index_num, country) VALUES (160,'Sweden');
INSERT INTO country_table (index_num, country) VALUES (161,'Switzerland');
INSERT INTO country_table (index_num, country) VALUES (162,'Syrian Arab Rep.');
INSERT INTO country_table (index_num, country) VALUES (163,'Tajikistan');
INSERT INTO country_table (index_num, country) VALUES (164,'Thailand');
INSERT INTO country_table (index_num, country) VALUES (165,'Timor-Leste');
INSERT INTO country_table (index_num, country) VALUES (166,'Togo');
INSERT INTO country_table (index_num, country) VALUES (167,'Trinidad and Tobago');
INSERT INTO country_table (index_num, country) VALUES (168,'Tunisia');
INSERT INTO country_table (index_num, country) VALUES (169,'Turkmenistan');
INSERT INTO country_table (index_num, country) VALUES (170,'Turks and Caicos Islands');
INSERT INTO country_table (index_num, country) VALUES (171,'Trkiye');
INSERT INTO country_table (index_num, country) VALUES (172,'Uganda');
INSERT INTO country_table (index_num, country) VALUES (173,'Ukraine');
INSERT INTO country_table (index_num, country) VALUES (174,'United Arab Emirates');
INSERT INTO country_table (index_num, country) VALUES (175,'United Kingdom of Great Britain and Northern Ireland');
INSERT INTO country_table (index_num, country) VALUES (176,'United Rep. of Tanzania');
INSERT INTO country_table (index_num, country) VALUES (177,'United States of America');
INSERT INTO country_table (index_num, country) VALUES (178,'Uruguay');
INSERT INTO country_table (index_num, country) VALUES (179,'Uzbekistan');
INSERT INTO country_table (index_num, country) VALUES (180,'Vanuatu');
INSERT INTO country_table (index_num, country) VALUES (181,'Venezuela, Bolivarian Republic of');
INSERT INTO country_table (index_num, country) VALUES (182,'Viet Nam');
INSERT INTO country_table (index_num, country) VALUES (183,'Yemen');
INSERT INTO country_table (index_num, country) VALUES (184,'Zambia');
INSERT INTO country_table (index_num, country) VALUES (185,'Zimbabwe');
